AADR,[1.6837565488001007, 3.7904100856900023, 3.6983525430975663]
AAXJ,[3.4904315958874834, 3.8828734553505977, 3.7095225629497026]
ACIM,[7.118431428519789, 3.981079826365819, 3.9212179116425734]
ACTX,[3.071576920085208, 3.8573263021126225, 3.927081438011308]
ACWF,[2.349103132581187, 3.828918769788925, 3.651287225894313]
ACWI,[3.140419344470786, 3.968509115495859, 3.7127602721216673]
ACWV,[3.6013207893078114, 3.925978219789663, 3.7941411961891576]
ACWX,[1.6781729244303396, 3.8604395846375152, 3.6649520003538703]
ADRA,[3.2888606920054366, 3.8251275143203554, 3.904370482948461]
ADRD,[3.7578299809108113, 3.6763743755374585, 3.6930890815338446]
ADRE,[3.319283247703088, 3.8682526091239176, 3.9311594715429408]
ADRU,[3.5091293952271654, 3.9702294803120095, 3.769582206703912]
AFK,[4.699687930846048, 3.697524100116372, 3.6462240886549457]
AFTY,[4.75442208325036, 3.8147163849086954, 3.9841930969161914]
AGG,[3.9079379787440263, 3.901237042216055, 3.759697663728203]
AGND,[3.6259560353059177, 3.7334728596951168, 3.92174333172424]
AGT,[3.6424625144614144, 3.92490252078786, 3.9009736881125705]
AGZ,[2.9331947908717972, 3.9093947408856007, 3.9980235835684144]
AGZD,[0.1371711723668256, 3.901638705719965, 3.6645962945973296]
AIA,[6.492355522931245, 3.9595623630535672, 3.728467509632451]
AIRR,[3.3227299109371424, 3.903806491649624, 3.626345997486221]
ALD,[1.6617632179276884, 3.898609436107896, 3.704829818204336]
ALFA,[3.8020946314243744, 3.7314103390140945, 3.7955808250337566]
ALFI,[0.15327055089082, 3.8369850928995457, 3.6481098397086926]
ALTY,[4.907229349424255, 3.9596152948622, 3.769108816779173]
AMLP,[3.2202535520361186, 3.941841295465754, 3.824718362869634]
AMZA,[6.893408694113621, 3.724059260084844, 3.8782845621566455]
AND,[3.4160096620317097, 3.9223980084450782, 3.6723008237826904]
ANGL,[3.1745752402537226, 3.8578710745079374, 3.8945896734842513]
AOA,[2.8455793332051957, 3.9272389264079695, 3.601616547748152]
AOK,[4.743865699190966, 3.8315014177420066, 3.9591571235673904]
AOM,[3.147091389682397, 3.974256678314632, 3.668930330434099]
AOR,[3.649078865586599, 3.8766414040129713, 3.6110606667265426]
ARGT,[1.9496994093335664, 3.861832048128601, 3.804353113734434]
ARKG,[3.4358735239833234, 3.882063260585636, 3.992051466389957]
ARKK,[3.3484884866474047, 3.859047158782361, 3.6839274740020302]
ARKQ,[3.5428149149167325, 3.9390068580325504, 3.7081851861895694]
ARKW,[3.1424693230756175, 3.856845237709998, 3.7660223526653]
ASEA,[4.801924707974124, 3.986731267055853, 3.9309852499348863]
AUNZ,[3.3619435483947444, 3.930723353648704, 3.634961889088822]
AUSE,[3.2410295856358693, 3.9665283459770495, 3.8189662604272994]
AXJL,[3.749214736977589, 3.9583211658853146, 3.723965500248596]
AXJV,[6.562426919955303, 3.7908858386797464, 3.699387554398637]
BAB,[2.809977521474309, 3.8891588516415982, 3.653890014279241]
BBH,[3.0276927162235556, 3.865473429356767, 3.675539832435899]
BBRC,[2.2222861639050135, 3.9916727589163696, 3.781278546071264]
BFOR,[3.60279365693752, 3.8608117948216254, 3.756094564330856]
BICK,[1.7662705907998797, 3.7785705946631634, 3.622787649985933]
BIGD,[3.711516468277911, 3.818510665608624, 3.724284798067595]
BIK,[3.246722487030995, 3.7240779994505617, 3.7622924417428094]
BIL,[3.0484309759202093, 3.6722157476077353, 3.7825076610756065]
BIV,[3.217657997368528, 3.9969757358515583, 3.925757640734824]
BIZD,[3.706610525004252, 3.6931989050298264, 3.8960656276987033]
BJK,[4.371593195364133, 3.9872094294581695, 3.7080257850572327]
BKF,[3.6738527108346615, 3.7902470050651584, 3.700368605690475]
BKLN,[3.998943603001545, 3.688677994899319, 3.8642233862022666]
BLV,[3.0449568753952345, 3.7468612777251247, 3.6051428876374834]
BND,[3.7364770955504265, 3.8304583749668626, 3.9741262252852354]
BNDS,[3.7369586801824504, 3.9445132470371616, 3.9532506799134306]
BNDX,[0.2086435661275808, 3.7524470077807695, 3.740405218448312]
BOND,[3.32833087527008, 3.76324281841465, 3.764738793703711]
BRAQ,[3.3902347917115887, 3.8715759742939753, 3.760285381870139]
BRAZ,[3.1397901354503914, 3.864614724399839, 3.863075751345375]
BRF,[3.568444981703016, 3.8250925753224, 3.802716086998384]
BSCH,[3.157769517928911, 3.9747129970274626, 3.6842045504344383]
BSCI,[3.6707036627879392, 3.9544001970365152, 3.8007846115917134]
BSCJ,[3.6008346974361833, 3.992997933623229, 3.8783731716951135]
BSCK,[3.3394777051814497, 3.8862534434856646, 3.7679236780598058]
BSCL,[2.118681935231345, 3.8115352769495954, 3.656812396357485]
BSCM,[3.933701242636612, 3.953357115656977, 3.636878935148296]
BSCN,[3.30120815795771, 3.8773376223691, 3.9340289748701425]
BSCO,[3.6026633370987873, 3.9512308285485664, 3.916513881959707]
BSCP,[6.5428597799360215, 3.6473252895496766, 3.7107734969292414]
BSJG,[6.876578505234195, 3.682795602432329, 3.649356318290291]
BSJH,[3.6787587853419983, 3.882132876918352, 3.898629934047263]
BSJI,[7.081069391350123, 3.6698501726774295, 3.7041196372519103]
BSJJ,[3.390953524469344, 3.6609916221411622, 3.660121298546764]
BSJK,[3.3240805782149816, 3.879382915323629, 3.9489776420703926]
BSJL,[1.467194714365598, 3.860589670372821, 3.7415339144188606]
BSJM,[3.520199131510626, 3.8373173805243934, 3.9857355757578192]
BSJN,[0.0429967098487576, 3.9398891496362785, 3.661466529126204]
BSV,[3.7962655453971568, 3.8845861914186166, 3.933241860027524]
btc_data,[3.433602002650839, 3.866286794233418, 3.663113404398892]
BWX,[0.10556956036546, 3.6676754539039886, 3.73452464839884]
BWZ,[6.8077504465826095, 3.8081848326672447, 3.972726941020936]
BYLD,[3.5937040203715576, 3.970155561694333, 3.7756333337432144]
BZF,[2.9741457310014527, 3.6232907977410393, 3.7366833074295327]
CANE,[3.6195202319605175, 3.7305244060739775, 3.81785182133734]
CARZ,[1.2561543989840944, 3.8036465439657383, 3.7681572935199665]
CBND,[3.8389010963890744, 3.8055762007176903, 3.95597228792936]
CBON,[3.6613329003648336, 3.9207099416072153, 3.796365506828903]
CDC,[0.4218239801455856, 3.8500284890886616, 3.8672488364521023]
CDL,[1.8267418549363252, 3.977135383824292, 3.710223563583912]
CEMB,[2.3077293631049023, 3.6934968850109726, 3.612262697738791]
CEW,[3.855704520031228, 3.9218596355128983, 3.9688117348544103]
CEZ,[2.866702698802138, 3.8043804688317273, 3.7253704765074103]
CFA,[4.249633186931487, 3.821809546853421, 3.6924717125479063]
CFO,[3.4862215938893724, 3.9710893946584074, 3.7334574207088744]
CGW,[2.888394579036299, 3.9720545991232568, 3.656513980610184]
CHIE,[3.1854532028337834, 3.9974275068062655, 3.923566575580352]
CHII,[3.1719871072139463, 3.9759530977608617, 3.923797867513976]
CHIM,[3.5490300144778093, 3.8256712325721134, 3.786453668163876]
CHIQ,[3.983084618661288, 3.9047987190157225, 3.691376053334283]
CHIX,[3.6020410014071786, 3.7443365972361935, 3.7717520074984017]
CIBR,[3.5647967938507064, 3.836371940613793, 3.7906702002110624]
CID,[5.926266222156065, 3.956563707256888, 3.738082423107695]
CIL,[1.1055761305141685, 3.743915662574604, 3.686075822554826]
CIU,[3.0173766994029716, 3.9413570693301327, 3.6240243982592206]
CIZ,[3.5530604716005785, 3.901846120207947, 3.9339575974351337]
CJNK,[1.5332167447456089, 3.9080584334928656, 3.606944384616373]
CLY,[3.6027906125955953, 3.7737695272139216, 3.6637323401386097]
CLYH,[3.1544056620782683, 3.9096353545855, 3.7321646130533974]
CMBS,[7.021216617862171, 3.9592582058839296, 3.634340030120065]
CMDT,[3.4850964464361973, 3.693225533292092, 3.892794798382383]
CMF,[6.649789307469069, 3.83038864829499, 3.9513661616822247]
CNCR,[3.218475176521165, 3.624988121822821, 3.616878244058336]
CNDA,[3.2358282109949283, 3.695476093923076, 3.771967105774926]
CNDF,[3.6853065735196, 3.942322121435791, 3.820892887759949]
CNHX,[3.5492317013928227, 3.756625918797152, 3.7921848177296407]
CNPF,[2.477628554258551, 3.9709707805614767, 3.9334220106165194]
CNSF,[3.0264163488535014, 3.710173120533244, 3.8937681188489304]
CNTR,[2.976252820085665, 3.8952883020361746, 3.6977501811885714]
CNXT,[2.985864300649406, 3.807835014962385, 3.6364359915389746]
CNYA,[2.0363174870994367, 3.9738406577346193, 3.6835336536869088]
COMT,[1.6989211801621027, 3.6551304564932727, 3.7853045955864704]
COPX,[3.5075591912613397, 3.763744065975757, 3.6581374138392073]
CORN,[1.9950743372441655, 3.759270643446899, 3.9844412312005497]
CORP,[3.5584424964627357, 3.8197069526212712, 3.7537659103233825]
CPI,[1.2735045398152616, 3.895337447381447, 3.6915081567357624]
CQQQ,[3.3911677720438202, 3.8168732576193025, 3.757037544556748]
CRAK,[2.716766959980153, 3.8292971539094727, 3.7234159929530186]
CRBN,[3.764074623880985, 3.9028483273628, 3.72480775879108]
CRDT,[3.2455644388225795, 3.981094100845175, 3.7649290402173214]
CRED,[3.4392878294966898, 3.6315667617598617, 3.6514625983672193]
CROP,[4.722321405773403, 3.8647885879228014, 3.7737298893096543]
CSA,[3.1705257131957754, 3.8047672470739986, 3.612490836400424]
CSD,[3.777917657955792, 3.737202206496875, 3.638956546631919]
CSF,[3.1680388890369486, 3.85456909584828, 3.878214264219876]
CSJ,[3.4498824512810553, 3.8642392413836895, 3.951294114209959]
CUT,[3.98038007520958, 3.8569688892289657, 3.608392253298778]
CVY,[3.259778480432927, 3.9640878481727664, 3.8192650616122066]
CWB,[3.23751265372506, 3.8753082143127866, 3.718488539612788]
CWI,[3.6597342653056346, 3.8393125427808408, 3.9950603040898622]
CXA,[3.4725622628428017, 3.7203025648846206, 3.781576360718384]
CXSE,[3.2456631537205074, 3.7658955300401495, 3.62171685845396]
CYB,[4.532759550458844, 3.813780393478989, 3.7148276287138504]
CZA,[0.9383871476894272, 3.9773908776518527, 3.6073524186460832]
DAX,[3.8125150592968553, 3.922668911110672, 3.929857527272532]
DBA,[3.500821931490248, 3.8065280475543752, 3.879894757512112]
DBB,[3.9554110133410543, 3.829554386790999, 3.9933611109420895]
DBC,[3.1988870447825346, 3.644779088239373, 3.74578303519312]
DBE,[3.575930297266613, 3.67042331857237, 3.905890890642424]
DBO,[3.619320151475267, 3.699845597609228, 3.762244581280665]
DBP,[3.3087963185057534, 3.736635800802085, 3.751039785350668]
DBS,[3.8418002147937456, 3.7808338116368376, 3.983561090320366]
DBV,[3.200517749927112, 3.9579353607258527, 3.898056273173325]
DDBI,[3.2480964767361864, 3.82829986911099, 3.7146604434198514]
DEF,[3.667296238352424, 3.945441127502939, 3.6446706057810783]
DEFA,[3.1565132623304737, 3.8468485280465905, 3.6499283476946807]
DEM,[3.284843342076946, 3.984376737056361, 3.7880578195836816]
DES,[3.2130538444668417, 3.777578569730364, 3.6564741882784393]
DEW,[3.797830048852046, 3.7358107676535344, 3.936668940799092]
DEWJ,[3.815137861463195, 3.756109628221555, 3.6072538105779497]
DEZU,[6.694829565080475, 3.972469075649323, 3.6415816028753665]
DFE,[3.6020509999408765, 3.849231050642144, 3.9860312309682415]
DFJ,[5.117198951343529, 3.931369744357293, 3.620313113482051]
DFND,[3.807989402383893, 3.829302611610365, 3.685260878155744]
DGL,[3.1326276332936773, 3.6831282580918088, 3.8972437391361328]
DGRE,[3.770504314332628, 3.7230101449830686, 3.9696745562783713]
DGRO,[1.876675740999339, 3.7804651644639753, 3.6687783756213066]
DGRS,[3.2449877789384725, 3.9163226549029297, 3.6394633162242]
DGRW,[1.7728227417731133, 3.829147684538549, 3.7981612648669394]
DGS,[2.421184216050696, 3.930261890476424, 3.807736218709948]
DGT,[3.9353090726192343, 3.836951034196932, 3.935321741508477]
DHS,[2.75922192035168, 3.877766681628816, 3.730208152024879]
DI,[3.2189815719662658, 3.8921471627938873, 3.8137403174434024]
DIA,[3.9583093018916102, 3.8692756640997494, 3.676744300436688]
DIM,[4.904530066553095, 3.781318493846228, 3.780799982616516]
DIV,[3.7397559201381583, 3.7252324621838224, 3.7758257655484866]
DIVI,[3.4704494532167858, 3.8765655956145126, 3.966876261345507]
DIVY,[3.1481863689670075, 3.8709292304782967, 3.606247718219003]
DJD,[2.943554164827303, 3.897535120659592, 3.6548124369730144]
DLN,[6.589840515777241, 3.9756402343608186, 3.6759719486390705]
DLS,[3.063780798042097, 3.750455508572224, 3.6479420025015137]
DNL,[3.0206614659533204, 3.6974809876636967, 3.647385620638453]
DOL,[1.337835064376781, 3.7220440971406927, 3.965505192828956]
DON,[4.761839623094973, 3.8665055552431142, 3.695923315674304]
DOO,[3.7199228391584183, 3.9964160955391175, 3.7423159309434753]
DRW,[3.119199773602568, 3.7303100890419265, 3.7282109347984513]
DSI,[4.252337430478107, 3.9046542697009072, 3.7003536560072328]
DSUM,[6.969319467367023, 3.952242133248028, 3.8322076642373983]
DTD,[3.608703976063123, 3.7864121016776986, 3.7581423498968576]
DTH,[2.958855179289441, 3.744347509234875, 3.9665594689935815]
DTN,[3.498562239779765, 3.8036371987559328, 3.6566639997491466]
DVP,[3.8767748583724377, 3.9403535652535178, 3.6013308115627516]
DVY,[3.925683697998773, 3.6352897403267113, 3.6925979038267593]
DVYA,[3.2097813470695673, 3.7936648027826783, 3.7597692521292583]
DVYE,[3.372469253243325, 3.9035983731739448, 3.693382852094413]
DWAQ,[3.7045088469114185, 3.9673765529426817, 3.713689699630863]
DWAS,[4.8095313566657225, 3.825349586663408, 3.639337360532537]
DWAT,[3.5679737154684177, 3.9568077291156976, 3.938496752768084]
DWM,[0.4431155118082696, 3.906686185855976, 3.8199867646767935]
DWX,[2.0195752565139324, 3.6366211472049352, 3.7473607308861023]
DXGE,[3.5054966716497, 3.7274956271476, 3.709561132488872]
DXJ,[2.3597852645247777, 3.801263932723761, 3.704070580062632]
DXJC,[1.326629171851611, 3.7678045309240873, 3.6257646795452665]
DXJF,[3.355876923945469, 3.865321204376176, 3.7237088067130895]
DXJH,[4.41318420775533, 3.990821759785928, 3.6787086498247303]
DXJR,[3.9198087014556378, 3.8157819679374847, 3.830281208118984]
DXJS,[6.716089320931194, 3.823761383841808, 3.712252225595328]
DXJT,[3.7098513215519455, 3.890820582091409, 3.671298681320109]
DXPS,[3.239265615548035, 3.8132548298879985, 3.9371984472471095]
DXUS,[3.425361343286997, 3.8738908685587856, 3.685978197889773]
EBND,[3.758207334351028, 3.8559172541300786, 3.9431441776022855]
ECH,[3.325832641975703, 3.998657720335544, 3.810100960918233]
ECNS,[2.7187934506024702, 3.9437489538977792, 3.7964544809327054]
ECON,[3.828713817006797, 3.8789961575992193, 3.8023566398727873]
EDBI,[3.5681926660855283, 3.8933636868857686, 3.702677466230944]
EDEN,[3.932917153440368, 3.8359644269934976, 3.765122758173191]
EDIV,[3.8192132576685776, 3.613685505014387, 3.813490521333297]
EDOG,[3.7118014612874544, 3.6583453228145615, 3.7763702689065375]
EDV,[3.8135610119693024, 3.9342592775356025, 3.9135739733465016]
EEB,[3.135073926606294, 3.9134819919898383, 3.79123375548704]
EELV,[3.3009518769265336, 3.8188396732949506, 3.9213490908862383]
EEM,[2.1671957695888593, 3.993630345817901, 3.7367555044365166]
EEMA,[3.4582323039720095, 3.8199442452596832, 3.6202339778129664]
EEMO,[2.773842652646924, 3.9013466597438935, 3.642581715342077]
EEMS,[3.794183552923224, 3.9802022574677913, 3.751978516282629]
EEMV,[3.222677253109206, 3.792304536796307, 3.8146491577409583]
EES,[6.833130407758318, 3.7742342744706936, 3.673081143172535]
EFA,[3.6122391175831727, 3.7726830195259935, 3.606011093657615]
EFAV,[3.6519152440291367, 3.9934924952138298, 3.6544656386816734]
EFFE,[3.3515870023306302, 3.7592963381674527, 3.6980055500752966]
EFG,[3.6884292613337006, 3.9152124346119384, 3.6660748590236656]
EFNL,[3.363587997100364, 3.9680578426573776, 3.682647288164448]
EFV,[1.2245292545783784, 3.7753850731165746, 3.6345471098962254]
EGPT,[3.0628295537904724, 3.7663537854509217, 3.7963693236625065]
EIDO,[2.143192116287724, 3.735978999763904, 3.6986943066320137]
EIRL,[6.294525637057288, 3.879909122327883, 3.680150495424424]
EIS,[3.9914293887749066, 3.8109407833078626, 3.824386269310653]
ELD,[1.7643353965415336, 3.6381761653169367, 3.7213332472736913]
EMAG,[0.0285993837098848, 3.814064724917911, 3.890271403360576]
EMB,[3.739879664168116, 3.661009629930257, 3.638737206432496]
EMBH,[4.000724510788864, 3.991572603898715, 3.6461722554013902]
EMCB,[3.6510146905479046, 3.834948273005213, 3.913348567439243]
EMCG,[3.802529450283068, 3.846898313116564, 3.7640494386645593]
EMCR,[3.322919892135801, 3.7794333455517792, 3.9728879203096703]
EMDD,[1.8439358956473817, 3.9746208251578072, 3.6606899314646286]
EMFM,[3.601742786679363, 3.9184487092853666, 3.6262727372461327]
EMGF,[3.2998218670794106, 3.8770272521385785, 3.6828295800668105]
EMHY,[3.5805576322984884, 3.8287119594158767, 3.8912635310566586]
EMIF,[2.7064917469216, 3.667966859580485, 3.6899846501830047]
EMLC,[7.130176038424177, 3.6682374861588047, 3.7870560288703774]
EMQQ,[5.220040366278048, 3.7401546915164383, 3.6829087702585888]
EMSD,[5.124139605270538, 3.7378439023044407, 3.7325519980624287]
ENFR,[7.191834898748572, 3.909378903636513, 3.7510902405741824]
ENOR,[3.3241451675379823, 3.7394903194754057, 3.967487954611389]
ENY,[3.6023872305864644, 3.9263887269008735, 3.867967901925773]
ENZL,[3.6768772264666287, 3.8784620173125006, 3.6971177810643834]
EPHE,[3.7519090283076473, 3.8905888055055304, 3.6427417352618674]
EPI,[2.982488004844032, 3.978197671250346, 3.9477542249321673]
EPOL,[1.9589694329390992, 3.860705478056808, 3.948110602897771]
EPP,[2.592440630978071, 3.6827188767372454, 3.646602325727779]
EPRO,[3.1138290465144784, 3.8527799388975335, 3.9000301954004986]
EPS,[1.8179070805620337, 3.898504606856699, 3.6580044322950993]
EPU,[3.4327078760084926, 3.9301994137142655, 3.626048149126484]
EQAL,[3.6222849698369552, 3.9930375026513776, 3.6222182370532408]
EQL,[3.3827358910261363, 3.8085168922885217, 3.675550807731295]
EQLT,[6.631708637681107, 3.897224344639743, 3.6167629158491423]
EQWL,[3.9392784953610183, 3.9392790580612345, 3.6218166949482433]
EQWM,[2.4386508740283164, 3.8084408397373664, 3.6436634894538145]
EQWS,[7.0480603237825195, 3.9910641655738943, 3.683793526777493]
ERGF,[3.3591602495185473, 3.836551385009321, 3.9210439387799743]
ERUS,[3.460068478850804, 3.732762848715256, 3.926448791145464]
ESGD,[3.4542952832424048, 3.9979781262144862, 3.908372804309285]
ESGE,[3.8016757493765314, 3.915500361729864, 3.6169716061917536]
ESGU,[3.7508009402992393, 3.9427995265862625, 3.655655001716029]
ETHO,[3.0132441101443206, 3.8010208068102767, 3.7869881568815966]
EUDG,[6.2537406048816075, 3.884364151321541, 3.6078651299545648]
EUDV,[0.761394725516224, 3.8670539588969097, 3.8891130238289886]
EUFN,[3.469508576489559, 3.918100130136185, 3.881659042175341]
EUMV,[1.2435299041412025, 3.8745268868895906, 3.7547658944404825]
EUSA,[0.3182038711627073, 3.832166597225126, 3.7960383531820994]
EUSC,[7.0621004012405875, 3.72442560913482, 3.61073963797117]
EVX,[3.9693377528670366, 3.739629014311999, 3.685793435032517]
EWA,[2.3973905509011666, 3.814406957525075, 3.7383083265430215]
EWC,[2.919789126631544, 3.9578775727754825, 3.7915533293375736]
EWD,[3.943128509415141, 3.7416393894489417, 3.661699393205311]
EWEM,[3.698359372676825, 3.702915681076272, 3.724185492126676]
EWG,[0.8168442239455171, 3.9131313886165024, 3.6717409530842446]
EWGS,[3.817873027181271, 3.8113278751477337, 3.663697772772228]
EWH,[3.7739748921045257, 3.88625198471334, 3.616278759045057]
EWI,[3.6937028755621624, 3.9935527480208095, 3.801354854739005]
EWJ,[3.6007624829666978, 3.8910651546031154, 3.7258035723099265]
EWK,[0.0739954217812468, 3.648877624515913, 3.6780285485046353]
EWL,[3.3990881477972534, 3.883719638029105, 3.7632822216112785]
EWM,[3.062895470046866, 3.9018984980001337, 3.9292678946941946]
EWMC,[3.3344045928194177, 3.8116409857510054, 3.626199036812668]
EWN,[3.9702090505614023, 3.7619603670070303, 3.6149245056632786]
EWO,[2.898260895898397, 3.8889070941346433, 3.7548793985446984]
EWP,[3.602262227410049, 3.739849891588867, 3.7797994652764673]
EWQ,[5.705131712359567, 3.886363411895629, 3.8276540851419623]
EWRE,[3.277901426393248, 3.958985541436735, 3.872177806857232]
EWS,[3.8410837695175823, 3.8164607010536833, 3.6137613710273344]
EWSC,[3.9812814694448218, 3.9272857980567015, 3.7297201039453967]
EWT,[1.8340654506750824, 3.9107811051818175, 3.745708684645981]
EWU,[4.288634052399435, 3.878103031972632, 3.9279492187236222]
EWUS,[0.3114592308023928, 3.9986949666407967, 3.674218613184404]
EWW,[1.2942119340641949, 3.8673013455114464, 3.79865946773484]
EWX,[3.649365757255872, 3.833858918110536, 3.88545046518431]
EWY,[2.613830171432342, 3.8699211081259937, 3.677182385785747]
EWZ,[3.2312319946801575, 3.833142490306467, 3.8772524535220434]
EWZS,[4.50231911107326, 3.9631988833801866, 3.8271353096430305]
EXI,[1.289725154433312, 3.8471016019973066, 3.7606083053521897]
EXT,[3.731194595983901, 3.9660085455959417, 3.6117478890833614]
EZA,[7.171595538324003, 3.86792289720184, 3.782950301372971]
EZM,[3.337343462386228, 3.603866488143988, 2.934393135727213]
EZU,[3.602737531120282, 3.6430090201094463, 3.6210068754802833]
EZY,[6.72797995829245, 3.9715432560334794, 3.702519818143723]
FAB,[1.802157311918512, 3.656766450742988, 3.60182420968484]
FAD,[3.708822760961752, 3.9601431532923974, 3.615880435020912]
FALN,[3.6005921088719006, 3.9252739070155656, 3.7157798442998486]
FAN,[3.4695065340587274, 3.8966300368269224, 3.898830494909439]
FAUS,[3.300415937514989, 3.939709432251989, 3.824756957575328]
FBND,[3.0429923958677105, 3.7426004860019786, 3.967462966526892]
FBT,[3.615727201082684, 3.773818520900948, 3.614730198986592]
FBZ,[3.7981076716168674, 3.9411631356689822, 3.9642981207063728]
FCA,[2.2714347862156083, 3.988001110831107, 3.677982782823944]
FCAN,[3.6182858003072904, 3.6467542691679498, 3.9666765591177424]
FCG,[3.7968935960263743, 3.9255246252153553, 3.6054714142414186]
FCOM,[3.833807892537532, 3.807765683306239, 3.644097282857388]
FCOR,[3.0641587060974977, 3.8057060819918993, 3.9414326035593152]
FCVT,[1.8511447607013352, 3.890122019486476, 3.7033505466670937]
FDD,[3.2271441242388144, 3.98000664165574, 3.6688753336202353]
FDIS,[6.795166346324021, 3.7920386438545584, 3.618502633598944]
FDIV,[4.534738566935236, 3.963665800428621, 3.932312972759571]
FDL,[3.799452512896852, 3.9702707682744767, 3.612195179531215]
FDM,[3.3095156932788306, 3.87927412481976, 3.6477756871878526]
FDN,[5.266269746801434, 3.91537255780532, 3.6460500382778465]
FDT,[1.171238279156826, 3.8704574098284352, 3.7277561738541647]
FEM,[3.226593104531984, 3.7080654833525033, 3.751743535167872]
FEMB,[3.7630280257431674, 3.91630348707232, 3.9433253968766304]
FEMS,[3.952718559498975, 3.971952656093304, 3.8979402158861505]
FENY,[3.222421994822474, 3.891186433070376, 3.986459282491423]
FEP,[2.768283382543749, 3.9477294848584834, 3.6373108409721486]
FEU,[3.6863750897200505, 3.888738937572551, 3.622467891692251]
FEUZ,[3.9219209867066502, 3.9613850717848016, 3.824440390423088]
FEX,[2.8993931582643686, 3.970521068413176, 3.622713403934179]
FEZ,[3.29426349446597, 3.7392190640751104, 3.9377017589056154]
FFR,[3.4941567687571458, 3.886290124218148, 3.6383819239427577]
FFTY,[3.3643585806115937, 3.9431435090310134, 3.713592959213656]
FGD,[6.78482384653964, 3.815535943189096, 3.762265687418583]
FGM,[3.757500607397252, 3.960515431111696, 3.71732547908435]
FHK,[3.6217944505472786, 3.8642967492700895, 3.9638352531853736]
FHLC,[3.9087489542864633, 3.9395242696176633, 3.788598920855627]
FIBR,[2.7778976316964297, 3.9684732549014465, 3.8176058699504622]
FIDU,[3.1809840683814485, 3.945925668025027, 3.604663684105711]
FILL,[3.6251321444850193, 3.692646831301668, 3.8964231661978106]
FIW,[3.5844376059194416, 3.968799305965339, 3.613987476827432]
FJP,[1.161812783888736, 3.8998805292036423, 3.7836266472397777]
FKO,[3.6023498733070736, 3.865515279187076, 3.740734191694848]
FKU,[5.363934484137712, 3.8036252661414536, 3.635094892753019]
FLAG,[3.6018524101159994, 3.855831280008504, 3.890258262060356]
FLM,[3.600390278600534, 3.6084280347032953, 3.602744688748742]
FLN,[3.350950601756308, 3.9572363444414824, 3.6855035165123984]
FLOT,[3.7014878816605528, 3.8001724985761096, 3.698943381661192]
FLRN,[3.3388352714868392, 3.8049264305677166, 3.8522582713603657]
FLRT,[3.067733617983022, 3.7399450016644944, 3.639064919927109]
FLTB,[3.719957488677096, 3.9088707389375177, 3.7769821223337225]
FLTR,[3.6349489798182706, 3.8228261264069654, 3.815381752291185]
FM,[3.9261251996595568, 3.9346085253156513, 3.8829809930061345]
FMAT,[0.2807621300977433, 3.9083961360775215, 3.6847410564141736]
FMB,[3.073322167030364, 3.8673609401573414, 3.9951618448576225]
FMF,[7.161127759336699, 3.976461759347436, 3.9066433292437233]
FMK,[3.976109120522012, 3.8847763580969006, 3.6822194709766047]
FNCF,[2.343262251458768, 3.8108940962936177, 3.6595161528957063]
FNCL,[3.214357119940797, 3.9334548249806, 3.6159188900958497]
FNDA,[1.0640357216791352, 3.9397800181197287, 3.6174529549059793]
FNDB,[3.607862706375202, 3.8090988039086984, 3.639178621159574]
FNDC,[6.565060570267827, 3.9857476775865694, 3.613003077284114]
FNDE,[3.0844307044771013, 3.8572982156450495, 3.8780394515485903]
FNDF,[7.01644118105326, 3.7418914160524, 3.6519123849297297]
FNDX,[3.7769450007375234, 3.703620396528695, 3.777861027511827]
FNI,[3.6443694028205504, 3.8493500906722966, 3.7325788994785394]
FNK,[3.0553446622301488, 3.918792278441339, 3.7009395122381545]
FNX,[4.920303028530101, 3.8848438239048986, 3.636423916494019]
FNY,[1.291644495227636, 3.805294678613511, 3.728182591992243]
FONE,[2.6004780336726214, 3.743996211490453, 3.681774905272406]
FPA,[3.7231087400750034, 3.730464127604349, 3.694460520257047]
FPE,[2.826330066468778, 3.8826362415366704, 3.955901887012197]
FPX,[6.466169039929336, 3.806259337906955, 3.6465323218064194]
FPXI,[3.2454957115651895, 3.880975876480176, 3.71878931350404]
FRAK,[3.3366773116980455, 3.89873467340732, 3.9574984358623615]
FREL,[3.6013417544740878, 3.764909439075648, 3.7869338911006016]
FRI,[4.86391886157066, 3.857221720784125, 3.741873014484889]
FRN,[3.0133324465794895, 3.91500853253804, 3.885070160240856]
FSTA,[3.782306552106448, 3.8357270187576864, 3.6604643516790194]
FSZ,[3.602444325133612, 3.9980118872244303, 3.816824449379636]
FTA,[2.5433923906635725, 3.8734749445072065, 3.712038709382014]
FTAG,[2.7898938493608063, 3.6240447359179666, 3.9589327887510897]
FTC,[5.0376012608450385, 3.8414157069263655, 3.6638108203526447]
FTCS,[3.7122122963111863, 3.8258842654468985, 3.688549429638828]
FTEC,[3.2276627201943717, 3.815645123515864, 3.7211720977522513]
FTGC,[1.4283261093536743, 3.745112742727871, 3.883399529769505]
FTHI,[3.544250061605108, 3.8695196518270296, 3.966582006009799]
FTLB,[3.3494074611549594, 3.834609960575932, 3.9212179230010022]
FTLS,[2.9854139737610357, 3.7805344075301446, 3.6722353849647873]
FTRI,[2.2575376929244415, 3.8265318293523953, 3.8792925020361055]
FTSD,[1.065006274388017, 3.6380353855426897, 3.9084326222868455]
FTSL,[2.935597678603877, 3.8797964663088726, 3.984354807300442]
FTSM,[0.4389617903226716, 3.8156103694733647, 3.7195167815679695]
FTW,[3.324606294289836, 3.9425381767574192, 3.7544330229933007]
FUT,[3.334093607543194, 3.7001823228982818, 3.6630175862726326]
FUTY,[3.7894738233013054, 3.994409113286988, 3.6314762249031056]
FV,[2.177595694119054, 3.8988706996684166, 3.6137535997691543]
FVD,[0.0361048383226712, 3.908250019220996, 3.6964184855243714]
FVL,[3.423861290831125, 3.9565529042924954, 3.680102298747887]
FWDB,[5.3171840983161776, 3.8716331837404816, 3.662061552823469]
FWDD,[3.028659753493154, 3.8361681799187712, 3.6129705768591]
FWDI,[6.693792550789785, 3.8659192430967706, 3.708407368505936]
FXA,[3.7031725662481816, 3.6803411279223703, 3.762499401136784]
FXB,[3.6007175967542424, 3.622655883897192, 3.7837404912102848]
FXC,[3.432095897836073, 3.968645425508037, 3.892556538941952]
FXCH,[2.755017228210891, 3.7667087669310297, 3.8943576760578806]
FXD,[2.8611131910238536, 3.9485495344499166, 3.6765377512436697]
FXE,[2.7698435551886615, 3.772255711006261, 3.812375353896464]
FXF,[3.8669735630784503, 3.842959226428228, 3.976453789141852]
FXG,[2.961365361430541, 3.929882878010431, 3.6216495069802233]
FXH,[1.7050048864365823, 3.9613517690121496, 3.607105470938597]
FXI,[3.412734286558838, 3.9013648227837026, 3.9641583257597888]
FXL,[7.015665193585445, 3.988985932860494, 3.655091354085376]
FXN,[3.4829430923318796, 3.8866913212838545, 3.9118375768469567]
FXO,[2.825897728614275, 3.967197000550781, 3.725135713585912]
FXS,[1.4557492986933345, 3.843531089275535, 3.815683257599999]
FXSG,[3.3993695727331, 3.9592308531078593, 3.845146716645216]
FXU,[3.08577389286604, 3.990961727540339, 3.799821647798973]
FXY,[6.6362744314076085, 3.8803649287968094, 3.9368837778105528]
FXZ,[3.052966727361509, 3.863199228103509, 3.6449836269249034]
FYC,[2.559782397113655, 3.9590304119059816, 3.682518067036393]
FYLD,[3.690654477635269, 3.895144627263108, 3.81489679128598]
FYT,[3.960450328545704, 3.9830171034741, 3.6484386549479386]
FYX,[5.849289390339344, 3.8231780191254128, 3.614603472097957]
GAA,[3.8268669062438554, 3.8733672044267458, 3.658061939319016]
GAF,[3.6007435718295384, 3.934328038150712, 3.982371387501576]
GAL,[2.674871873438693, 3.9586229490009113, 3.770008124808192]
GAMR,[3.255449213404292, 3.6802346034638513, 3.1687132400278437]
GARD,[3.743994975103613, 3.9023176815641665, 3.8876352768166673]
GBF,[3.2847536573509375, 3.7260201995971856, 3.67852414564696]
GCC,[1.9529333337075965, 3.6788038345142633, 3.795352659577073]
GDX,[3.7327462500678985, 3.759836948731929, 3.7592585237856246]
GDXJ,[3.3984158881229454, 3.9032401985803817, 3.9778404836021344]
GEM,[1.9615345211368649, 3.954880690551799, 3.657158984094387]
GEUR,[3.499949484033858, 3.6549893306083474, 3.882887416633288]
GEX,[3.29323010905216, 3.6450858670331954, 3.736946669303227]
GHII,[3.6480035854978383, 3.9722940345335567, 3.7402580627376474]
GHYG,[0.261470303430976, 3.9219064894518567, 3.902594184981624]
GII,[3.660955821845705, 3.907534544837015, 3.716749517794624]
GIVE,[1.5281810012873602, 3.92666216561418, 3.8163942949181666]
GLTR,[3.610425303453312, 3.7673479297419425, 3.8298550716733466]
GMF,[2.6967565463641656, 3.7885490281999825, 3.6980052252742777]
GML,[3.7640585981710344, 3.862839165190441, 3.9345061947413824]
GMM,[3.450260682985764, 3.945911442212621, 3.647798892053307]
GMMB,[3.6036868623158296, 3.67469625481386, 3.620147692780839]
GMOM,[3.211873221557481, 3.920419713848217, 3.703593137294347]
GMTB,[2.8824305197804354, 3.967366660710291, 3.7536055255782936]
GNMA,[3.083882983777559, 3.749790826142988, 3.7590856894017737]
GNR,[3.6021816507740128, 3.931326607768841, 3.7697156007974977]
GNRX,[5.74593581968935, 3.8142794175062975, 3.7361678826773184]
GOVT,[6.856799696656977, 3.828411274034515, 3.9137519566832064]
GQRE,[3.714920016041724, 3.915482151961004, 3.634155115746224]
GREK,[3.7448514374096606, 3.7081390698891568, 3.98051086694656]
GRES,[3.601609234691062, 3.626897736990088, 3.9676770494972255]
GRI,[0.345097091892108, 3.995190271361256, 3.7193801680500473]
GSEU,[0.4436565147081614, 3.941368198757332, 3.684162302973789]
GSG,[2.828972034538773, 3.7008282583508176, 3.944856574453392]
GSIE,[3.7852954889061534, 3.8545796526814353, 3.788849713996025]
GSJY,[3.4862430888346103, 3.7916749097744744, 3.7204237863680736]
GSLC,[3.429212911756583, 3.7240671491141297, 3.609097022950445]
GSY,[4.343681752724974, 3.8674973750925687, 3.7599885451796]
GTAA,[3.5338103004117, 3.9392097341845567, 3.640121967297135]
GTO,[3.480632308754808, 3.8966793814078495, 3.759930401819579]
GULF,[4.279718740592837, 3.972206848816167, 3.8268885599741345]
GUNR,[3.2349124160833935, 3.749809801713064, 3.7241391199327487]
GUR,[2.958391451131904, 3.814184569337209, 3.9651036588963544]
GURI,[5.147369182816918, 3.660478502410056, 3.7049865634086663]
GURU,[2.5711617697911238, 3.9835950205027633, 3.680715083430435]
GVAL,[4.950394902858825, 3.8314907225532098, 3.8833392584262616]
GVI,[3.3787329368444965, 3.873263591442112, 3.8291028326432377]
GWL,[3.2398448641323108, 3.80083184194032, 3.7296114687565134]
GWX,[3.697187855519547, 3.7275274829487777, 3.6524755464760688]
GXC,[3.6883481849817743, 3.7321858707081, 3.6634898055922367]
GXF,[3.878060464262028, 3.667521583582684, 3.6176941508763463]
GXG,[2.124346701306575, 3.965703242118861, 3.7699518974985136]
GYEN,[3.0321533594121304, 3.884459652340492, 3.8899611865970303]
GYLD,[6.052254632893456, 3.7558971336975175, 3.960207472138452]
HACK,[6.59280464765692, 3.7404634253263103, 3.6544651090394233]
HACV,[3.945238089972965, 3.6296139706829607, 3.9066296568101726]
HACW,[3.8495971949151713, 3.715742821771755, 3.6014865305825507]
HAHA,[3.964376313820564, 3.9569741645079968, 3.6667125309635704]
HAKD,[3.668602418565293, 3.767304343638592, 3.750196091240293]
HAO,[3.3439516909237623, 3.877313189697484, 3.6436547215356554]
HAP,[4.344594701567707, 3.769605199755051, 3.7805102995929944]
HAUD,[3.924900954054333, 3.9478210620390857, 3.7018299874503047]
HAWX,[3.0472112749720344, 3.92793174729176, 3.6823447567815855]
HCRF,[3.756998133777796, 3.9531271188350705, 3.654232243635956]
HDGE,[3.2934241067049497, 3.728624762282229, 3.9571146843391665]
HDV,[6.023040428302864, 3.822733323471412, 3.642182924598512]
HDWX,[3.667904463424205, 3.9845519133377825, 3.909135964456632]
HECO,[2.606872621228077, 3.8607043302907984, 3.758255332198441]
HEDJ,[1.830917084244816, 3.9044799805553208, 3.6356678561253326]
HEEM,[3.4355993255759265, 3.8895621183111873, 3.7264537746863056]
HEFA,[4.9532444988634055, 3.857018785141373, 3.8634133879010832]
HEFV,[3.5632681929901135, 3.7228214528027426, 3.6955340106352743]
HEMV,[3.689258726291316, 3.9321412381723473, 3.7047672316849134]
HEUS,[2.8241382915273854, 3.885189902785015, 3.790590989041504]
HEUV,[3.8176416973376974, 3.708196135671893, 3.7681449590895153]
HEWC,[3.761479111648884, 3.962372262417972, 3.6494130615404554]
HEWG,[1.9309112995658129, 3.867863443398414, 3.6697745949039167]
HEWI,[3.748041692801483, 3.796861286912751, 3.7273089223392817]
HEWJ,[3.530828325163931, 3.9708618908482567, 3.635310205349772]
HEWL,[0.3664848301445824, 3.9187883148153912, 3.7518218219889494]
HEWP,[3.937573824963984, 3.9107851225575274, 3.621323072376321]
HEWU,[2.865265126227779, 3.828264610531445, 3.686984631494532]
HEWW,[3.168170040264216, 3.6727204026226743, 3.795962488744814]
HEWY,[3.7600479614766966, 3.836412048179988, 3.641418776606209]
HEZU,[4.000603474733918, 3.8585388472226954, 3.9205352953580768]
HFEZ,[3.483060084438415, 3.89956143711248, 3.6462583942054287]
HFXE,[0.429762355434212, 3.7906004569826943, 3.619971707952291]
HFXI,[3.273177683509592, 3.744999479053295, 3.678381430019403]
HFXJ,[3.639682450871205, 3.96787621918282, 3.6896651581089217]
HGI,[3.0440557589742774, 3.995687365462752, 3.7420001308154265]
HHYX,[3.651448354738691, 3.781061809347436, 3.657978542310397]
HILO,[3.5069398698488503, 3.9642615226905065, 3.9137657205515737]
HIPS,[3.6835827459367056, 3.7417057626482912, 3.6507417721167825]
HJPX,[3.6883697107120814, 3.7064415097477994, 3.6472403894545087]
HKOR,[3.4149307073218633, 3.8003823898992746, 3.6205284460449776]
HOLD,[1.5044881987679388, 3.877128459050584, 3.786984153302531]
HSCZ,[3.728099136400999, 3.9950775985034968, 3.8191004507488464]
HSPX,[3.6017492813237895, 3.7918214887553696, 3.8241644069947873]
HTUS,[6.246805663570496, 3.9974036673180353, 3.6504174010030654]
HUSE,[1.517495055997773, 3.7621874419266144, 3.7322633967786256]
HVPW,[3.369774067360205, 3.9393746960594496, 3.830379992996477]
HYD,[3.3579035009026224, 3.6677675742503006, 3.604883478472516]
HYEM,[3.8001487387657646, 3.8598918869839194, 3.903509907789126]
HYG,[3.6027240464633734, 3.7249107387056433, 3.6134753208492985]
HYGH,[2.7787347942337526, 3.7344934371976097, 3.669243739253476]
HYLD,[3.6705686682008785, 3.7131404824108665, 3.670784820528477]
HYLS,[2.9543858003555115, 3.74873726517036, 3.760368020597808]
HYMB,[3.3554186478095502, 3.860766961579192, 3.992157324213112]
HYND,[6.924910021724392, 3.7961523066946032, 3.8670211212279937]
HYS,[3.287046671482663, 3.976184064031017, 3.7703832415562584]
HYXE,[1.9424425327882553, 3.9763297783137745, 3.660065023298965]
HYXU,[6.946645473916301, 3.9657925953406465, 3.9594669333291823]
HYZD,[0.0683631195317208, 3.8607396638125313, 3.8363584949078766]
IAGG,[0.7279809192353544, 3.668860836867837, 3.6130767252086855]
IAI,[3.3583957891413077, 3.8827830841354753, 3.9347029017932726]
IAK,[5.555872990243104, 3.9237204540239063, 3.690256515097959]
IAT,[2.7816344286614645, 3.989747467680585, 3.7096213761189905]
IAU,[3.6022179942248562, 3.9364501320475793, 3.6072840404986706]
IBB,[3.689825220801264, 3.8333935266132544, 3.6806642011711657]
IBCC,[7.132695894737833, 3.824281908544674, 3.760469856812541]
IBCD,[6.782321306767021, 3.6770829524497146, 3.7605211401357352]
IBCE,[3.9714428471359553, 3.9040061972494793, 3.8717697706532945]
IBDB,[3.3264722250948213, 3.865291635997768, 3.7629462911125624]
IBDC,[4.555146870471551, 3.8568466733372104, 3.8867546376733952]
IBDD,[6.605435313232597, 3.8647009868166537, 3.6406969688352415]
IBDH,[3.1169702933186474, 3.8679090561366327, 3.8352229101259017]
IBDJ,[1.2606065371190898, 3.8500112287796986, 3.8269003741866863]
IBDK,[3.4610436163826126, 3.910138638109753, 3.822707206545054]
IBDL,[4.0398544274686925, 3.8581591714186136, 3.967273225085647]
IBDM,[2.375872582401139, 3.860604871812332, 3.8344598236153074]
IBDN,[3.1191375183247185, 3.8678225228255094, 3.859582242752857]
IBDO,[3.703774758007412, 3.8979256201914176, 3.730077358803891]
IBDP,[3.7328686242293863, 3.8641939058254033, 3.9031443789135665]
IBDQ,[3.6572004920933336, 3.713924382677184, 3.7358749528608577]
IBDR,[3.942112519240755, 3.8583092224498503, 3.7178319455570974]
IBMF,[1.9685958590014037, 3.9107107728484847, 3.6289650455288656]
IBMG,[3.4696527584195045, 3.85926346522523, 3.856183447050922]
IBMH,[6.616437178988953, 3.8595497514574646, 3.7729462409726495]
IBMI,[3.1325762974403872, 3.810681570991116, 3.7525952747919056]
IBMJ,[3.6023074624914075, 3.9410125007300407, 3.768278782636054]
IBMK,[3.177698405288371, 3.901464837099532, 3.7823161317134018]
IBML,[3.2887950617341817, 3.8997490829532944, 3.755838143322361]
IBND,[1.7082602023234998, 3.943908566112417, 3.643659574793472]
ICF,[3.8996255206483665, 3.6346896788220766, 3.7227588306714257]
ICLN,[3.2276789834670008, 3.6278314797148448, 3.8582773575148033]
ICN,[3.0636065362796607, 3.8347417967090105, 3.7892026089349393]
ICOL,[3.3639737546706105, 3.603876970628511, 3.6138377500036993]
ICSH,[3.31278241505015, 3.8771223173152465, 3.9215238026736303]
ICVT,[6.134558039523932, 3.8999548806660655, 3.7367355005274145]
IDEV,[3.199536398221771, 3.7358758325192474, 3.9000113757988513]
IDHQ,[3.9827817220607087, 3.883424741211371, 3.660009128943132]
IDLV,[3.462692608162674, 3.90685399399777, 3.6641485211310023]
IDMO,[7.119501409996772, 3.8571029946978848, 3.7673213875903873]
IDOG,[2.5705555834265588, 3.9070351760831143, 3.728205372893288]
IDU,[4.999391245816728, 3.855855185347028, 3.999874388167683]
IDV,[3.644286981365484, 3.6523346112783384, 3.6057653573609714]
IDX,[0.2136854471838696, 3.7818674862253814, 3.691376707943844]
IEF,[6.850694535818221, 3.915454107940117, 3.698507511418083]
IEFA,[2.5183400498505244, 3.9526826420482104, 3.8083924137208016]
IEI,[3.5661195257357488, 3.7675671535394346, 3.6716582187378113]
IEMG,[3.480493941145277, 3.91987866412128, 3.78355877962896]
IEO,[3.1237640361635775, 3.9799342838092007, 3.73717587322609]
IEUR,[3.639839781159984, 3.959963214003446, 3.6208227554979415]
IEUS,[3.6229970913012624, 3.8271475438727456, 3.942390272766066]
IEV,[3.542045041793674, 3.6709675148128382, 3.730471439430752]
IEZ,[3.770751541942363, 3.7546367569755574, 3.8984449217017514]
IFEU,[3.702446248008655, 3.8915619942859383, 3.662636255352025]
IFGL,[3.998162397467505, 3.9745057809315054, 3.732082796851365]
IFLY,[4.0445833938340785, 3.8023191569415777, 3.6153300599189166]
IGE,[3.472046352364632, 3.8857149407635374, 3.989000438351904]
IGF,[0.5186640092134344, 3.886864102833584, 3.6390455423484274]
IGM,[3.600700751515351, 3.8584509078893534, 3.6369443669321657]
IGN,[3.8653215766370734, 3.9207719720222074, 3.6472648203872353]
IGOV,[3.9488643979459344, 3.832186999201516, 3.9467975204993286]
IGRO,[0.1256927847772864, 3.9093173039570273, 3.716099163899548]
IGV,[3.623536970461276, 3.8958158549187982, 3.6548553885221073]
IHDG,[4.318164440011049, 3.6251340223882935, 3.604114741251907]
IHE,[3.3361332736346783, 3.7669937840358183, 3.6154998928550817]
IHF,[3.2727260235132887, 3.8017691818637593, 3.608669929354363]
IHI,[3.7015826137349825, 3.8603628959079814, 3.682806038151368]
IHY,[3.6026014097101196, 3.973565537962651, 3.66072129698871]
IJH,[5.764542450904754, 3.98060276965107, 3.6005255563912995]
IJJ,[3.961763164009053, 3.8015363053897473, 3.6874249924487694]
IJK,[0.1227283998377016, 3.9341234313498057, 3.7121183217974023]
IJR,[2.9153616976473353, 3.8661703513208976, 3.6947862568920855]
IJS,[0.0179146015193832, 3.866128768775416, 3.6095678323561096]
IJT,[3.7452127827964463, 3.8733407714247168, 3.638130642944685]
ILB,[3.6369936734438943, 3.764871505367703, 3.9638845671271574]
ILF,[6.671867483095897, 3.9557704137696423, 3.8092046320886066]
ILTB,[3.0419605840038706, 3.8608164988345632, 3.6260469674779094]
IMOM,[2.903326950029229, 3.7682895902075426, 3.7365072377308066]
IMTB,[3.2143941739160518, 3.9464094579061015, 3.6970597424818488]
IMTM,[3.098931304470921, 3.95677417771367, 3.6657149427559]
INCO,[2.8124675196802538, 3.9652747668098542, 3.691867148600077]
INDA,[3.6004692155514526, 3.966664895100712, 3.8025224056947904]
INDF,[3.1817059508154255, 3.867462265820604, 3.643934458565564]
INDY,[3.1720562020281893, 3.9329264936408816, 3.7168703203448046]
INKM,[3.2406865642975, 3.660099761433435, 3.649466138429111]
INTF,[3.5180316055870784, 3.7577920325698857, 3.6203557340278496]
INXX,[3.730299095840472, 3.9299302784216734, 3.8572856292594224]
IOIL,[5.9220572389529975, 3.752896096324217, 3.9960230215364176]
IOO,[3.042867077922681, 3.8834237619616534, 3.690304000713164]
IPAC,[4.3635562177918565, 3.9343215524060713, 3.7028901936914247]
IPAY,[2.2341313408388666, 3.8254907851690816, 3.6402566591606673]
IPD,[3.1739829579143337, 3.8856180324509575, 3.665436277918443]
IPE,[3.192369234046865, 3.9461088205681527, 3.7215036143762967]
IPF,[2.903443195465929, 3.9648973387304727, 3.7323554814736446]
IPFF,[4.8898818591873745, 3.944125539913873, 3.9880837635105526]
IPK,[1.4014782048618488, 3.8325605945785983, 3.8603871543481505]
IPKW,[5.448709377005866, 3.876287000558335, 3.923647930874011]
IPN,[3.0972461629040704, 3.911015686763133, 3.732796735823932]
IPO,[3.6494179322547136, 3.7419729842639295, 3.6327527500591534]
IPOS,[0.6771173913876071, 3.8594241877798434, 3.7308837666502175]
IPS,[2.789768778991939, 3.935915159703104, 3.878136001043492]
IPU,[3.4075157403617147, 3.6732066571080417, 3.772375705855595]
IPW,[3.091034019053359, 3.8970891097504703, 3.8735909378341167]
IQDE,[3.7488875842384, 3.9469618857269744, 3.957918074088699]
IQDF,[3.72428061864518, 3.835143090708492, 3.9356143138936432]
IQDY,[3.182935248933021, 3.8919687439303865, 3.9364041612392193]
IQLT,[3.767286004104183, 3.9564610982970647, 3.668124450520976]
IRV,[3.942556740465512, 3.771282541465407, 3.782512141569637]
IRY,[5.184776984648164, 3.796379809991308, 3.638659047377737]
ISCF,[3.789915786722766, 3.9536886278531367, 3.6616716840308303]
ISHG,[3.171521817022777, 3.747707607890325, 3.795617059518889]
ISRA,[3.892658746115107, 3.8916966654521694, 3.6960035892051]
IST,[3.2396443960092376, 3.7463541405595646, 3.8027085307883897]
ISTB,[3.305563924693949, 3.6731439412083504, 3.6810545269403647]
ISZE,[7.105473797665159, 3.7422886526448136, 3.662975756098627]
ITA,[3.12285127702717, 3.991097241126812, 3.6018172247171165]
ITB,[5.539844137933675, 3.693887813921115, 3.621130594677908]
ITE,[3.220868274743624, 3.9121471037803905, 3.681056644531689]
ITEQ,[3.7597327362492585, 3.8554060005690434, 3.6789303456974336]
ITM,[3.724502840686651, 3.865565267813576, 3.792167863817287]
ITOT,[7.086931159565107, 3.8861164251597993, 3.691132134796869]
ITR,[6.932318505814577, 3.7363729061466304, 3.617931573498877]
IUSB,[3.73931221247081, 3.832588294661335, 3.7328074547779218]
IUSG,[3.2967316585242386, 3.9228400659171374, 3.618071324781983]
IUSV,[2.057882874264985, 3.6246777546477302, 3.609589060049688]
IVAL,[5.569743093817541, 3.8192128442846776, 3.641604431957336]
IVE,[6.6415457852307025, 3.8599012942125226, 3.961576679481676]
IVLU,[6.73954276445389, 3.9125918836523335, 3.7032827565480786]
IVOG,[3.7141055976567103, 3.747505447096647, 3.6543309619245306]
IVOO,[3.8813789777022714, 3.8427412590350207, 3.669376008375566]
IVOV,[1.2171011934959697, 3.859254370149304, 3.681070714840144]
IVV,[3.3470727844254884, 3.832898632073789, 3.9275711931382946]
IVW,[3.087350987109883, 3.8230542330095063, 3.64978929346557]
IWB,[1.2845408622650751, 3.9282778077776057, 3.6060334567268706]
IWC,[4.474850612568343, 3.863528583073153, 3.736608037827311]
IWD,[0.91242409134845, 3.8964047730539937, 3.7088261156740714]
IWF,[3.6392958578593344, 3.8644572637239407, 3.961533120014944]
IWL,[3.5466259978114127, 3.8130519644374976, 3.6177192118040793]
IWM,[2.598369867066366, 3.827775273233747, 3.6613029867286846]
IWN,[3.689660118092796, 3.822980130057051, 3.6155903067247297]
IWO,[3.7164491287023167, 3.9006103830857537, 3.707763941089139]
IWP,[6.2194777515558926, 3.9629385419424272, 3.6228887468739783]
IWR,[3.3019863792598287, 3.817783939489696, 3.698629175617536]
IWS,[2.8550705029477865, 3.8355641511903023, 3.752355092101283]
IWV,[3.338025226819024, 3.933023150150616, 3.6915741884232927]
IWX,[2.4038128437826876, 3.8849330947152705, 3.6800737295309536]
IWY,[3.6772194073736455, 3.891940036103, 3.6440746495032834]
IXC,[3.265531183947192, 3.7700125762939374, 3.661481608074221]
IXG,[3.6536324283358512, 3.948984675755278, 3.8161448324988023]
IXJ,[3.523721640056059, 3.8583160162661785, 3.645472617372651]
IXN,[3.478521734895052, 3.8600589584143536, 3.68688244298808]
IXP,[3.3701844539962975, 3.945816022256464, 3.7023423890406546]
IXUS,[1.9029931127853663, 3.744948222949134, 3.754741445575731]
IYC,[3.952974316510289, 3.836954203792839, 3.772928726015716]
IYE,[3.021337574665537, 3.786367876420236, 3.6812691401263327]
IYF,[3.6041855105177016, 3.9956552818217226, 3.717086627023368]
IYG,[7.05537234785601, 3.709461242342359, 3.724215431304122]
IYH,[3.5411993712828926, 3.8569056739697807, 3.704170348921043]
IYJ,[2.715840552947423, 3.8685509563670486, 3.6557575070185546]
IYK,[5.301294088430742, 3.904477376876691, 3.613290685716672]
IYLD,[2.2086293722196464, 3.6728141907598784, 3.653450452261039]
IYM,[3.2151767041992185, 3.9283256874529826, 3.7153514207939735]
IYR,[3.007981871994532, 3.8659892690109334, 3.888914777025179]
IYT,[3.860959952626565, 3.619645366461896, 3.6017764462622774]
IYW,[3.363335351982899, 3.8645248829392296, 3.68626996104002]
IYY,[0.5288355932457008, 3.9775754041336087, 3.643221859315685]
IYZ,[6.620871661067309, 3.9012541331004154, 3.9601211991809833]
JETS,[3.171946178754414, 3.9167446507531536, 3.669721853411163]
JHDG,[3.9125515463457847, 3.8627247927033928, 3.730394442071421]
JHMA,[3.4806709574285155, 3.8606464771230926, 3.730022894429267]
JHMC,[3.179046965540784, 3.846157619667895, 3.926638116561624]
JHME,[3.7053698682087446, 3.9900018366887746, 3.912095758943564]
JHMF,[2.7088461065731217, 3.94761571878423, 3.6841615872561473]
JHMH,[3.029840128783987, 3.928677696917541, 3.618043048958008]
JHMI,[3.3327535606886802, 3.818469029905145, 3.6531472328578034]
JHML,[2.9986598325039218, 3.8651286777958256, 3.6387761479921914]
JHMM,[4.002174525629043, 3.836200894425791, 3.675071302944468]
JHMS,[3.0323890338256634, 3.7916188422949224, 3.6929079428090414]
JHMT,[3.08537183484426, 3.7241823622226016, 3.601266348674723]
JHMU,[4.574481160010153, 3.7179240757968297, 3.65639854956906]
JKD,[3.600959425659894, 3.91235489137876, 3.707978818671143]
JKE,[3.6771937364637695, 3.835013963504807, 3.609026250615623]
JKF,[3.215806465408361, 3.9782889791036102, 3.7466668736478614]
JKG,[3.130211581867347, 3.755091069320781, 3.6142077630720872]
JKH,[3.1132374990536, 3.935010775010979, 3.6935832819916654]
JKI,[3.63420067150116, 3.7685923700056128, 3.697204932511221]
JKJ,[3.2606945283938846, 3.907202282674621, 3.7432652128484047]
JKK,[3.802190776188207, 3.9662676110582775, 3.6917995616879873]
JKL,[3.1637807065649834, 3.946291094888795, 3.7264989700322033]
JNK,[3.835451026714965, 3.965526861636116, 3.649605543423216]
JPEM,[3.2253066478084844, 3.871863211101713, 3.7363721432798247]
JPEU,[4.025566137011411, 3.8275758594368994, 3.6869384790535937]
JPGE,[1.0798639655875208, 3.9566635809543, 3.644875416124687]
JPIN,[4.966637888205074, 3.974201688989083, 3.6644301417465206]
JPMV,[3.9569483264233134, 3.950162291896437, 3.8626275005268176]
JPUS,[2.453559803803053, 3.9677013090144366, 3.7259076417432486]
JPXN,[3.0775371862814396, 3.8687335943017778, 3.7753052813365984]
JSMD,[6.347889469551501, 3.8836509183157295, 3.6672186146334385]
JSML,[3.5841283368285373, 3.830599445507904, 3.6492136843149185]
JXI,[2.4072799575845756, 3.950083079655892, 3.826858815346928]
KBA,[5.138041323567758, 3.9530878170609505, 3.8743554327007232]
KBE,[4.801136564820373, 3.73854493806254, 3.6082015483700824]
KBWB,[2.4242371174326336, 3.63169010640307, 3.6179402791229585]
KBWD,[3.5187853702131955, 3.9987710511096495, 3.7116429128042214]
KBWP,[5.463008904090091, 3.9944341236009655, 3.6725070085351184]
KBWR,[2.7868554496496833, 3.777365646728749, 3.6144513936332863]
KBWY,[3.796190275478737, 3.9552760689002233, 3.814246001159309]
KCE,[2.902282318043206, 3.919111540937126, 3.705754549027104]
KCNY,[4.249549341199711, 3.8923298021482102, 3.834067546649647]
KEMP,[6.130169035949523, 3.718351324433576, 3.7143819689254465]
KFYP,[3.765128124944934, 3.7570360847748816, 3.6207626694639257]
KIE,[5.137145134896807, 3.9941185999965674, 3.7088274796844662]
KLD,[4.208407845001865, 3.8652300506447066, 3.9847535360415898]
KLDW,[3.2877225321265486, 3.973000136133461, 3.6684858425951345]
KOL,[1.3310696172616, 3.976660271590248, 3.8149080755418665]
KRE,[3.6587336573703415, 3.802700782900128, 3.6809933331197513]
KROO,[2.1668184777154407, 3.810959259569646, 3.9732610591772706]
KSA,[5.580620694463438, 3.9454339778209992, 3.704704260389912]
KWEB,[6.219814113354811, 3.98089094858276, 3.626005449549893]
KWT,[3.6019058326447135, 3.7930263326679263, 3.839843596055821]
KXI,[2.9315257450467085, 3.8044883146294968, 3.61522853586034]
LALT,[3.1898725417938287, 3.6634469182085025, 3.90557158279217]
LARE,[6.888102461544486, 3.762139371972016, 3.6706483717892593]
LDRI,[1.258313812755974, 3.918067742921014, 3.90662074309212]
LDUR,[7.182859994172251, 3.8925883984918865, 3.678033388074616]
LEAD,[3.4976146725764403, 3.8646601507532985, 3.6189493862143425]
LEMB,[1.5366490696506756, 3.625534046145252, 3.9967053357334463]
LGLV,[5.331241088667752, 3.8599294623001654, 3.9349101429580937]
LIT,[3.7066161477204713, 3.951676003473673, 3.9483523517847066]
LKOR,[3.6027048276926243, 3.9737477773028416, 3.8131111851757065]
LMBS,[6.663356795134181, 3.862450366000484, 3.7706400131846993]
LOWC,[1.36273061577148, 3.81474889209384, 3.625327485219583]
LQD,[3.901105755695384, 3.9347151949898262, 3.8910192048821655]
LQDH,[3.878412456304994, 3.806385051039906, 3.673511754960676]
LRGF,[3.152961552676747, 3.7417744269315625, 3.73785327150668]
LTPZ,[3.43575928406246, 3.897180527388144, 3.735452611783329]
LVHD,[3.213791666761502, 3.8149127008505936, 3.6223383042562025]
LVL,[2.974682223099677, 3.998396193173588, 3.949185877226468]
LWC,[3.788863042052921, 3.7907108608785265, 3.7701059263500176]
MATF,[3.6169430428020903, 3.7523096444002375, 3.6798183894285934]
MATH,[3.0663850752575263, 3.861202776840876, 3.9517227623692848]
MBB,[3.601728615810023, 3.795321366746087, 3.6310185252008416]
MBG,[3.995087356235647, 3.721549658337608, 3.9717767509224777]
MBSD,[3.7061169959619695, 3.7948630920075392, 3.627839643125283]
MCHI,[3.249059756766612, 3.7862281143452736, 3.710981386324624]
MCRO,[3.0572164194302673, 3.791735240258277, 3.6656483847900705]
MDIV,[4.909952112328295, 3.958379943597736, 3.6678264995833727]
MDY,[3.820124353293552, 3.9486815752183744, 3.2171919619968334]
MDYG,[2.8309103637747666, 3.965707798485571, 3.6107890523698583]
MEAR,[3.332854262154307, 3.878639027024549, 3.777441958828057]
MES,[3.865694076737925, 3.875305036627669, 3.963547477257112]
MGC,[1.7611539608259188, 3.9238696060111367, 3.681108129528499]
MGK,[4.933566717156797, 3.826545308884768, 3.6924067173758464]
MGV,[3.9221993971167928, 3.7344029194284376, 3.60105150143462]
MINC,[4.188611574943608, 3.7919923064934062, 3.7211596078639406]
MINT,[3.7572512670653024, 3.9030461342873335, 3.6134486177041887]
MLN,[0.3099501224117414, 3.784875372978304, 3.8134116547696064]
MLPA,[2.194732928923482, 3.6553093120714184, 3.973097206174235]
MLPJ,[6.665835745746757, 3.7761963656766966, 3.868159589654345]
MLPX,[3.760676236451708, 3.7630685051748354, 3.681816393196343]
MMTM,[7.1203067245957055, 3.857802025962685, 3.756988558888027]
MNA,[3.6950722197742847, 3.834242338800117, 3.836353285871161]
MOO,[3.198966418337393, 3.715546913040244, 3.625401781580885]
MORT,[3.6679070417501793, 3.9896451954264944, 3.930303553481099]
MOTI,[2.916511822663856, 3.6032453507013944, 7.0627105217992225]
MPCT,[3.538970841384944, 3.8696629053485454, 3.698349662842405]
MTK,[1.696263516601708, 3.921511360371591, 3.6415377463964504]
MTUM,[3.0252560453991877, 3.9811786368754016, 3.6904426963390544]
MUB,[4.122763900274562, 3.9259797679012935, 3.626284863184503]
MUNI,[3.8321839038944376, 3.9542368378987343, 3.783232016385373]
MXI,[3.000464283687407, 3.8211774831443672, 3.813494181142606]
NANR,[2.3680180102270985, 3.7240917043909074, 3.6534889210166464]
NASH,[3.109006277691883, 3.946901208106059, 3.8855204641845686]
NEAR,[3.712620510425969, 3.956204625617579, 3.67835123301608]
NFO,[3.7758847032010583, 3.942695372208448, 3.714168330819029]
NFRA,[2.990802363988864, 3.902021582147196, 3.9383798469789326]
NLR,[3.485206154103873, 3.881828677394236, 3.9040843216494303]
NYF,[3.727143226728345, 3.910032348923447, 3.789310013336351]
OAPH,[3.8148913164917, 3.6270593486754144, 3.748291346758307]
OASI,[3.621400738841712, 3.9061570336904063, 3.6325772341249496]
OEF,[3.7654512218423424, 3.968976230235648, 3.763216967904659]
OEUH,[3.604067359939376, 3.8629915888384465, 3.6454191607375903]
OEUR,[0.8190595896499492, 3.9064764026232583, 3.7374004780321184]
OIH,[3.680592268696692, 3.743661852087864, 3.8168499392943143]
ONEK,[3.1262011437893937, 3.907108142009291, 3.6239463542057626]
ONEO,[3.981964229014932, 3.831359233700229, 3.687269159219696]
ONEV,[3.534349857263995, 3.727670417242911, 3.6052027335352106]
ONEY,[2.2689813325338895, 3.769278818665775, 3.7290042125350022]
OUNZ,[3.8238899496778935, 3.8643439734478577, 3.730530239644696]
OUSA,[3.5037057457580345, 3.8674622395202447, 3.62018111477192]
PAF,[6.042050233345103, 3.6360558697552374, 3.6176987364857793]
PAGG,[3.8016168985959777, 3.6267177766964647, 3.6747019022819094]
PAK,[3.7383274811449234, 3.952001369475228, 3.6641680489259794]
PALL,[3.1963876395004736, 3.787824461184507, 3.733717882608548]
PBD,[3.4801259814860788, 3.697087364271283, 3.6481631106720624]
PBE,[7.00484749956568, 3.9030059056738384, 3.6879252498038113]
PBJ,[3.1847334790295156, 3.9856788531758154, 3.607166292500596]
PBP,[3.888180210063199, 3.9331579483709898, 3.7494740562021542]
PBS,[4.77127650070947, 3.8100886380140664, 3.6445414007298513]
PBW,[5.728429612359552, 3.9029413953920424, 3.805776428289824]
PCEF,[3.523006829464588, 3.8258645028516063, 3.7465319289687855]
PCY,[1.5803880200294087, 3.994141902654008, 3.6652752775997746]
PDBC,[2.8340603229643273, 3.724885198119411, 3.9216100755367553]
PDN,[4.647201309779692, 3.835086743101958, 3.7780950487585345]
PDP,[3.404291249131565, 3.9696067044049705, 3.6237877704613584]
PEJ,[3.783332861393876, 3.8476525966423543, 3.6235849660747217]
PEK,[1.2375382885058257, 3.88137779004628, 3.937454305546936]
PERM,[3.602109532533463, 3.6891664189293674, 3.6148782132498622]
PEY,[3.2521184995681502, 3.8768941383656936, 3.6504539408677568]
PFF,[3.6289314518326825, 3.9209128278973937, 3.9450636420464713]
PFI,[3.622682218840085, 3.694536044324228, 3.6884825245537023]
PFIG,[6.690803360007309, 3.8754370864101606, 3.9680208511234314]
PFM,[3.604329237250043, 3.984814461464096, 3.7269145319038146]
PFXF,[3.6897395894418006, 3.629340367623654, 3.6936094157938912]
PGAL,[1.29351703203238, 3.746226271674877, 3.7304805031416786]
PGF,[3.6171132650801754, 3.7879915899529895, 3.716259322128853]
PGHD,[3.761538529472933, 3.8023440764400545, 3.7616198702503416]
PGHY,[3.698059023154929, 3.752262246849351, 3.97077334673646]
PGJ,[3.0931347861956366, 3.9718607048794143, 3.696586083555308]
PGX,[1.7195342240852125, 3.9274929478222034, 3.664814515358432]
PHB,[1.760919888885769, 3.9280682885299414, 3.6460107612968535]
PHDG,[3.5634149119547938, 3.908563804627665, 3.9678372877777006]
PHO,[3.6143376599169703, 3.7984965179780015, 3.627383957730745]
PICB,[3.8121496308259504, 3.817840977604891, 3.6108749940391456]
PICK,[3.6731480794062583, 3.98556819047636, 3.891758376069144]
PID,[5.1398438770695085, 3.7107985619606287, 3.7204539575411726]
PIE,[3.6013677847510666, 3.8219211923348944, 3.6281843470246966]
PILL,[3.266198133397874, 3.789059555187982, 3.797395816096506]
PILS,[4.02598556001946, 3.7891688940662496, 3.8778344765630264]
PIN,[3.4225161742807013, 3.8016371647687017, 3.7294956932845102]
PIO,[3.78886299652148, 3.633026697164581, 3.621153644593555]
PIZ,[3.7345813547686775, 3.8332186626984353, 3.702253617441947]
PJP,[3.5179089052910673, 3.8822368907410696, 3.7710027902431937]
PKB,[3.602584368313398, 3.920792030653428, 3.62557709678056]
PKW,[6.158335536797227, 3.9627818796374936, 3.610890114390707]
PLND,[3.602630299337416, 3.7911495818622054, 3.91791859162261]
PLW,[6.082708295740643, 3.9694694621166096, 3.809803686554491]
PMR,[3.221893430235796, 3.968791926433594, 3.7010489554816712]
PNQI,[6.666015091824649, 3.8597819737424177, 3.756085362938116]
PPA,[3.1803473384841054, 3.965186143764336, 3.695710367248196]
PPH,[2.549877387918277, 3.7909734751779105, 3.7259019014606927]
PPLT,[3.2116496553836087, 3.6686368595766488, 3.826793993106192]
PRB,[3.042791515689387, 3.929850236503232, 3.6897364344074943]
PRF,[2.8793665804814856, 3.835608321948379, 3.613990173128675]
PRFZ,[6.779544611708176, 3.864160728406655, 3.9194238525381664]
PRME,[3.2703222669545866, 3.8283339440801334, 3.891701740581486]
PSAU,[3.3817875353429985, 3.732954827772254, 3.9390606166913575]
PSCC,[3.3822890433307577, 3.8580306824102233, 3.7001884318746256]
PSCD,[3.600662824937684, 3.8338081708795446, 3.8130378390204256]
PSCE,[3.06924463672616, 3.926702275620312, 3.9102432340748288]
PSCF,[3.211375774818378, 3.981361381898424, 3.6551293268862937]
PSCH,[3.6011409723656613, 3.8701610890196534, 3.658400582859528]
PSCI,[3.6806213695984176, 3.850582070790737, 3.6920359675341192]
PSCM,[3.748473724543075, 3.799535185014576, 3.755284208133765]
PSCT,[6.856935827268674, 3.8337760887304975, 3.687051966257924]
PSCU,[3.409462926510219, 3.858523259124059, 3.6759728204984623]
PSET,[4.223932185146643, 3.9562496003126655, 3.622855769651148]
PSI,[3.061530382064323, 3.871399246918288, 3.665235955256631]
PSJ,[3.841187194068471, 3.8036014379900354, 3.6519767913385106]
PSK,[3.495129217979534, 3.9683603905242304, 3.812412110391107]
PSL,[6.932289961087736, 3.709589458907205, 3.6163746119101248]
PSP,[1.5613705138531917, 3.8721384442434728, 3.952868908774665]
PSR,[3.616782221175275, 3.8781093348330584, 3.6059821452635386]
PTEU,[2.553556629365422, 3.829266404279763, 3.69521278543564]
PTF,[6.665873455187646, 3.9325680849755544, 3.7029414149509687]
PTH,[6.639458803079947, 3.8246323496744927, 3.620376310624097]
PTLC,[3.719369801217829, 3.8583021081780817, 3.762802493664521]
PTMC,[3.677631621181604, 3.859216614912521, 3.7784104423429024]
PTNQ,[5.35019000657006, 3.9205468585634304, 3.6218403728356057]
PUI,[2.5104361865866456, 3.972211467715177, 3.626986405494756]
PUW,[3.575730812614059, 3.769432507158808, 3.6659184753488447]
PVI,[3.2082229815978156, 3.915540340484645, 3.7400217513643472]
PWB,[0.6035118964314329, 3.87441868871202, 3.6836443273210784]
PWC,[3.0628206432816887, 3.782992854365393, 3.605029792703679]
PWV,[1.010778505543224, 3.8146101075169936, 3.751415045827013]
PWZ,[3.6402409750457214, 3.7836038637272806, 3.670569940325139]
PXE,[3.6004488812158537, 3.7455853983329335, 3.926354245251898]
PXF,[0.1592307668779665, 3.7402518179867608, 3.933704889746108]
PXH,[3.5764853937466463, 3.6442291044018393, 3.666711946815627]
PXI,[3.414365090836116, 3.906995348202404, 3.7289521430633585]
PXJ,[3.446530166370128, 3.920978897180427, 3.9886291489351744]
PXLG,[2.6229703828027082, 3.8339390673590015, 3.7492478105574447]
PXLV,[3.4234021676489146, 3.931875282225552, 3.6425126862105865]
PXMG,[3.3519445855860472, 3.862956221389239, 3.6243852365296614]
PXMV,[3.808892787544039, 3.946624603447887, 3.696977097998923]
PXQ,[2.8250137063369944, 3.9636155162098414, 3.704707709292016]
PXR,[1.8791438160180725, 3.644483017399761, 3.6197732047994746]
PXSG,[3.235844969591052, 3.9251288450016384, 3.6831705199696416]
PXSV,[3.6009439150791365, 3.9401172742349138, 3.7333424512408913]
PY,[3.1475802221861886, 3.8320563123151175, 3.7806240422650985]
PYZ,[2.733437592335198, 3.8591072803741353, 3.640872125447711]
PZA,[3.988690408218495, 3.88408376033036, 3.6685887660178778]
PZD,[3.4931406801894096, 3.877804561725813, 3.6638974710667505]
PZI,[6.3881781046142505, 3.62781524040744, 3.614646084485905]
PZT,[3.6151073883871314, 3.6383317114115865, 3.7008188290051462]
QABA,[3.445903707896367, 3.9184310027472993, 3.6573564922330046]
QAI,[3.5898304736544997, 3.7855857218053153, 3.626699514014004]
QAT,[3.1739078223389536, 3.674591222385237, 3.7824791710997014]
QAUS,[3.6986225731214257, 3.891813574588455, 3.9360605721520936]
QCAN,[3.600798220750718, 3.8715422090921865, 3.802292112038301]
QDEF,[3.7329398062315016, 3.9664282992215862, 3.61225977717262]
QDEU,[4.236017589480388, 3.877494198937913, 3.6980053705177935]
QDF,[3.417843716375534, 3.9308562066702226, 3.728148577630383]
QDYN,[0.7451195501701297, 3.8965740448456336, 3.7093600168784127]
QED,[3.7626613433753135, 3.867382047163807, 3.6704573369811655]
QEFA,[2.897989429786394, 3.8999923708839233, 3.8404157345904224]
QEH,[3.2612789494947174, 3.857420034513287, 3.751795354536785]
QEMM,[3.620647261393948, 3.9508116121013774, 3.7456720072242504]
QESP,[0.3275822119189809, 3.8709280034206377, 3.7395087677997494]
QGBR,[3.602615779453195, 3.9604269455437926, 3.866518076778217]
QGTA,[3.0803553759264317, 3.689017926243233, 3.6007604186990423]
QINC,[1.1079846962037176, 3.906178957832472, 3.772364513510192]
QJPN,[2.8430758094476625, 3.830932859149805, 3.643036566559211]
QLC,[3.386099644768539, 3.8281263933006104, 3.7108511285770702]
QLS,[6.592546158582808, 3.940153459060203, 3.6604977759165975]
QLTA,[2.876268374519613, 3.895018097390355, 3.7265254937581287]
QMN,[3.261602853841628, 3.9205116838981326, 3.870920282555795]
QMOM,[3.4496766290339966, 3.9900872560151535, 3.6678397102625113]
QQEW,[3.601739421039145, 3.8552951204557777, 3.649635294958864]
QQQ,[3.95860170679912, 3.753909765911239, 3.686501194375013]
QQQC,[3.7824368822756913, 3.9186515585934303, 3.7973451538097223]
QQXT,[2.9435256068565008, 3.7173564522004727, 3.609746288096223]
QTEC,[4.98872750709524, 3.828507589985143, 3.618998881281156]
QUAL,[3.601228165117322, 3.8727969907686353, 3.6620962415004175]
QVAL,[3.0694215545372576, 3.8486390606187055, 3.898894082452821]
QVM,[3.424594743907612, 3.8258710839502017, 3.72646708676732]
QWLD,[3.045648650630302, 3.8842094377998944, 3.7100970293282463]
QYLD,[7.179517691448868, 3.7491351547945473, 3.663628349503952]
RAVI,[1.2888015383559976, 3.9044618435569785, 3.6475035048268545]
RBL,[3.8168828161982793, 3.7311322267627425, 3.898785572031621]
RCD,[3.8052359077111344, 3.7882583973162025, 3.7176398452695167]
RDIV,[3.401022775456771, 3.84932822140204, 3.9996304434865424]
RDVY,[3.7568642590928527, 3.741268390544212, 3.7589486901864566]
REET,[3.602729267140781, 3.9458684756911793, 3.719358423511888]
REMX,[3.403979558344084, 3.6364012646933626, 3.796255320493587]
REZ,[3.3112326469788367, 3.9529420188498032, 3.6977387775870527]
RFG,[3.1302964593034655, 3.879006058112022, 3.6229865271460873]
RFV,[3.615816972395872, 3.958011092913943, 3.7135195811279775]
RGI,[2.1337789283590145, 3.836294043102224, 3.778912351119297]
RGRO,[1.3496554394565217, 3.7789263781704063, 3.67313947312466]
RHS,[3.6386473777564143, 3.7702237537608223, 3.614801264054909]
RIGS,[3.140320015813136, 3.786622700141897, 3.867755861036595]
RING,[3.6732824535337976, 3.789052487345913, 3.9682878978622385]
RISE,[2.23038524800234, 3.91128686881608, 3.9616201809938647]
RLY,[3.7129775110998504, 3.815572360098957, 3.8976967738857184]
ROAM,[3.4452568147683515, 3.7905492113840142, 3.6762249895539254]
RODM,[3.4657878907184503, 3.627314891372632, 3.656348549533924]
ROGS,[3.4846471905683067, 3.9749754228609495, 3.804373274078519]
ROOF,[3.249817503456671, 3.790827980185545, 3.670451536120898]
ROUS,[3.1992751094168166, 3.9022466594994776, 3.6491356130813832]
RPG,[6.273593143219601, 3.9568550057648104, 3.661990459012476]
RPV,[3.130112563137795, 3.880245819317812, 3.654913430048446]
RRF,[3.457090861774714, 3.8117140878484026, 3.857969329584376]
RSCO,[1.3344974553084186, 3.8888830038006024, 3.666383793257379]
RSP,[3.5062585634347476, 3.9895004970267656, 3.6083287070070806]
RSX,[3.9702021785547137, 3.824437975284965, 3.9367689428989823]
RSXJ,[3.950935243985481, 3.790151768871705, 3.617092080154507]
RTH,[3.2450456240727976, 3.8589315857912383, 3.7710590199229137]
RTM,[4.475728694998304, 3.923566254619791, 3.7099944893573022]
RTR,[3.192857709355755, 3.91986343036992, 3.778838826576248]
RWJ,[5.239807996322249, 3.8721098583532334, 3.765630722283367]
RWK,[3.9983714501872014, 3.883651059768369, 3.690824942347685]
RWL,[3.058853227416479, 3.7395257259920207, 3.7160393768049857]
RWO,[3.920444463830453, 3.9231866414982175, 3.791004352178803]
RWR,[3.6347987579322543, 3.886530567861618, 3.632036981071348]
RWW,[3.820894876384621, 3.754367491176223, 3.691413314260912]
RWX,[3.9441382487866945, 3.655896137316367, 3.641477865831184]
RXI,[7.052654476908814, 3.8972096899328386, 3.7531165787729512]
RYE,[3.3422789928250674, 3.657593201898085, 3.6610153293625385]
RYF,[3.5255914629137934, 3.8568115946463486, 3.8086747123566576]
RYH,[3.471862660132636, 3.650430549215476, 3.601568302343233]
RYJ,[3.601609215885854, 3.9571153865936983, 3.7721017448635417]
RYT,[4.773127358254758, 3.915302482690578, 3.6211335341364728]
RYU,[3.484595015810549, 3.9074891891465366, 3.654033915796005]
RZG,[1.3422202250681632, 3.9769343622538407, 3.6480192529945534]
RZV,[3.3881847423703153, 3.9130193229521018, 3.715277408787348]
SBIO,[7.130839986842615, 3.9840012823848774, 3.8040726805194223]
SCHA,[3.678910091845804, 3.922205883641869, 3.6073024755275935]
SCHB,[3.6379139260063025, 3.9953551111794057, 3.651685267519484]
SCHC,[3.995287847396213, 3.960205895522394, 3.933670020934067]
SCHD,[4.625891853841016, 3.6109490202270145, 3.6034091853924015]
SCHE,[5.390897375313882, 3.7789929826682624, 3.9113646009579623]
SCHF,[4.892879462872254, 3.925857605061032, 3.64004468292868]
SCHG,[5.931812483118651, 3.76983153727217, 3.6112281916128417]
SCHH,[3.5109206478538098, 3.8887289172257535, 3.6606494706327024]
SCHM,[3.818895073391825, 3.664630592544506, 3.6011579470089647]
SCHO,[1.470027770777744, 3.8474256525655206, 3.9399184609045994]
SCHP,[3.9334684922607903, 3.989810590218663, 3.718997377848539]
SCHR,[2.004395695208907, 3.62660370385892, 3.6641794468028626]
SCHV,[3.071982748010115, 3.8875951526684416, 3.6786187554037255]
SCHX,[1.192667929125263, 3.6329531786034144, 3.6028756006453686]
SCHZ,[6.759470219014988, 3.9704396990611297, 3.6255473751196847]
SCID,[3.759660648310095, 3.832915189773184, 3.8471338029210544]
SCIF,[3.5202145494743338, 3.822982390271896, 3.9376321908021663]
SCIJ,[3.600255576382927, 3.9373604272799647, 3.6796028887587866]
SCIN,[2.1663015852502174, 3.657804482728596, 3.6161125320366687]
SCIU,[3.1163886810474426, 3.957755495076333, 3.661964941231308]
SCIX,[3.2113495238135727, 3.941907185147072, 3.6820572180980102]
SCJ,[3.8869290851312894, 3.9635083777278375, 3.9552085246151103]
SCPB,[4.003092086355955, 3.993271528100159, 3.69426853565616]
SCTO,[3.9974807934560888, 3.99287923269126, 3.7585133382029894]
SCZ,[3.895793831924361, 3.823753035678065, 3.730589343779819]
SDEM,[3.662015046947393, 3.8591456015523535, 3.9008671139611546]
SDIV,[3.650825056754569, 3.890700638099127, 3.6063400066311577]
SDOG,[3.5622033931050057, 3.8749302678452424, 3.7153334065019186]
SDY,[3.7424069260586097, 3.8921493029827054, 3.721673850733593]
SGDJ,[3.705400992161396, 3.8522398594631193, 3.797590072629096]
SGDM,[3.405677728585805, 3.94903890475714, 3.92714874759856]
SGOL,[2.999671706445006, 3.8112409299364343, 3.7101650750218673]
SHE,[7.045796259840635, 3.997260039860011, 3.754138125749499]
SHM,[3.9748918828118978, 3.8221630037829537, 3.607170673204035]
SHV,[3.6199352956900865, 3.9466675000993, 3.7077641406681505]
SHY,[3.376685469357732, 3.8994581732771927, 3.88600926807223]
SHYD,[3.3911668059488713, 3.9079565312261777, 3.8954561388416513]
SHYG,[3.1699465813992442, 3.842497309006752, 3.8684383853496223]
SIL,[3.6923852897544096, 3.6448864624372304, 3.639695567481785]
SILJ,[2.93059731890393, 3.703237543046413, 3.8216849103304247]
SIPE,[2.99260392403008, 3.6686215132406463, 3.7048462417124193]
SIVR,[1.54668462369634, 3.6658490936952184, 3.737683366942497]
SIZE,[3.3306692828012374, 3.8603524965225313, 3.9259869375517047]
SJNK,[3.3962441568519086, 3.7348889007765793, 3.788568539958949]
SKOR,[3.2569696930591374, 3.835051353307165, 3.949530109240583]
SKYY,[3.902157406993176, 3.860243643786727, 3.6468175332520834]
SLQD,[3.432956109869102, 3.7729376301447366, 3.760405180607491]
SLV,[3.5636776915156294, 3.6989953729260767, 3.6641329644985783]
SLVP,[6.69658835426346, 3.7273787497536657, 3.7316076389991655]
SLX,[3.799777932011593, 3.7490988321153504, 3.6926306296407994]
SLY,[1.8518109076691471, 3.976455691693425, 3.6217329761209247]
SLYG,[3.16881612504248, 3.88556988706258, 3.72553022162679]
SLYV,[1.3897498878690029, 3.9642025452914273, 3.9232168631645896]
SMB,[3.0758245012639978, 3.896275535595113, 3.626604173309557]
SMCP,[3.5263568054653334, 3.8971099108123455, 3.6557510272984888]
SMEZ,[0.1523147905640784, 3.9907363381533063, 3.7624910317037137]
SMH,[3.602301988541885, 3.7439936229935658, 3.6033681353322025]
SMIN,[2.7286262156783265, 3.763627115321498, 3.716900996134087]
SMLF,[6.885988945313704, 3.7312412515226887, 3.6181293437116206]
SMLV,[3.74717755042312, 3.8257810227995974, 3.9465452593966983]
SMMU,[3.4925441969427267, 3.790485786548776, 3.8807861256817135]
SMMV,[3.6913837507745826, 3.8458150260240505, 3.7135288939907665]
SNLN,[6.335672522973933, 3.9744497820032127, 3.906919699214837]
SOCL,[3.5239094069591, 3.8869807271282726, 3.659523286392059]
SOIL,[3.8712032792236903, 3.764940390231884, 3.7310821795121334]
SOVB,[3.506207296838126, 3.9356301291727305, 3.652728636219368]
SOXX,[3.241460799150618, 3.895361995332008, 3.759747156501138]
SOYB,[7.082922633214311, 3.7022639638142754, 3.7596742893182977]
SPFF,[6.757709479389801, 3.8195168909669945, 3.891563762956092]
SPHB,[3.7937857219356017, 3.925921437583382, 3.693038318199224]
SPHQ,[3.717928586430404, 3.861463418567552, 3.6777769321598286]
SPLV,[3.9839448625864766, 3.887467096473193, 3.6937084562916622]
SPUN,[3.1824888927909587, 3.8736099564454456, 3.6586756606441906]
SPXH,[2.15756067627077, 3.8356273815243584, 3.937406971465692]
SPY,[3.6461064090855, 3.7136717531830072, 3.6250632516261576]
SPYB,[3.2898666664515734, 3.8463403468112234, 3.782472759816751]
SPYD,[5.174806847317707, 3.7251825494163895, 3.6165428782238336]
SPYG,[2.2336759602916176, 3.912222999673232, 3.6066585603041776]
SPYV,[3.602485175641416, 3.783671062316019, 3.717339310029516]
SPYX,[3.2848612617049615, 3.8702065583010095, 3.731309067373484]
SRET,[3.602357064295938, 3.9642227022011336, 3.7990156989695136]
SRLN,[3.7328193122655264, 3.770019970233544, 3.9734548039344912]
SST,[6.524652322722101, 3.8571669698765465, 3.8552628264038034]
STIP,[3.3251295003574595, 3.7643438721192504, 3.880838938527992]
STPZ,[0.4295186384933208, 3.6587624629231423, 3.928615607947029]
SUB,[3.0897303752256766, 3.9550800370509025, 3.642978248395379]
SYE,[3.008164078774633, 3.87200919987646, 3.709712748388573]
SYG,[1.5123107125519193, 3.8316852208063024, 3.8606057026469185]
SYLD,[4.04034402855584, 3.978990171609581, 3.6980061037123826]
SYV,[3.023245798675203, 3.9836174306706833, 3.6514933364098408]
TAGS,[3.7011811866701048, 3.757195270020096, 3.960455011208992]
TAN,[3.046477051302274, 3.659366376655507, 3.9949294642222366]
TAO,[3.8339236689759857, 3.937727867680968, 3.6410578941695055]
TCHF,[3.8514349462930113, 3.7466823062859476, 3.0327010294422507]
TDIV,[3.7290959153772176, 3.986956753133084, 3.6019908671795453]
TDTF,[3.6015238586203018, 3.813133537624568, 3.7844131954948113]
TDTT,[3.2367514780205866, 3.9913311979572255, 3.817544681607596]
TFI,[3.602105966155382, 3.8708264234832264, 3.79471112785924]
TFLO,[3.7005011186020216, 3.67284947001176, 3.7474693178738248]
THD,[3.938984208182207, 3.8339828400287934, 3.7529024152823993]
THHY,[3.296464967158355, 3.7759435849906975, 3.930485383776957]
THRK,[2.5434407184843435, 3.8763116552198382, 3.729253260367437]
TILT,[3.4279953262557146, 3.874391229919497, 3.65562333599868]
TIP,[2.8218320697934125, 3.8647266795602393, 3.7084283382158314]
TIPX,[3.902813484602939, 3.8637292104290153, 3.9141080420831633]
TIPZ,[3.6006900553306815, 3.980925856694188, 3.8948314670734145]
TLH,[3.7596671103564145, 3.8794661514944626, 3.6590745239361233]
TLO,[3.0371316320877253, 3.676226992189131, 3.706137272047735]
TLT,[4.878488660177216, 3.8815187198465337, 3.779370862524958]
TLTD,[2.7859479131518117, 3.8789263957402818, 3.6847210465950666]
TLTE,[1.9372787314410784, 3.92771058111607, 3.622045478046296]
TOFR,[6.946662409890748, 3.732978447201454, 3.7041484082638414]
TOK,[3.531639109803092, 3.8168545576093935, 3.984443061597698]
TOTL,[3.7657387088839136, 3.991206035716459, 3.8241776791401207]
TRSK,[3.7345392549387495, 3.690646166697628, 3.689578151245773]
TTFS,[3.2386695954336293, 3.8884770660594175, 3.7980676443021224]
TUR,[3.554682977129736, 3.642715396749356, 3.730918734592619]
TUSA,[3.7134388958980287, 3.8912390651515185, 3.66905256373756]
TUTI,[3.0918677383878492, 3.81847200874746, 3.8036190893164914]
TUTT,[3.123782133751285, 3.8774060542243394, 3.8929098413556944]
TUZ,[3.53318047890512, 3.8490229840390366, 3.8177678033922473]
TWOK,[3.0891170788778304, 3.9225124807531264, 3.6202834846768503]
UAE,[3.4830799301527966, 3.9036958347609425, 3.82203510100332]
UBND,[0.4334255041302088, 3.989046210574148, 3.6025109157502655]
UDBI,[3.6012171015028662, 3.874170746470244, 3.7108250610528]
UDN,[2.8902904697288596, 3.6898893824183463, 3.6369460597078]
ULST,[7.193004835921336, 3.749267902620576, 3.7101306426669938]
URA,[3.5622893528605744, 3.623934257185259, 3.747979130277269]
URTH,[6.670572856618096, 3.874747104107725, 3.6516911923467696]
USDU,[3.0702261903850663, 3.779276412094665, 3.869635858073333]
USFR,[3.456821389167098, 3.9502864222753136, 3.741618634854364]
USMV,[3.217192080414656, 3.792983794466244, 3.6905725011785777]
USRT,[4.926195682124135, 3.976483381658383, 3.782876437554733]
USSD,[2.271936756625699, 3.959711197724532, 3.7699383207843264]
USWD,[3.232430615355673, 3.937310343350203, 3.690515361736556]
UTES,[3.144555019231372, 3.8624195646046946, 3.808942902902244]
UTLF,[6.1165556197992, 3.89693453882244, 3.6441830285381074]
UUP,[1.1121689291021433, 3.9533038835199745, 3.646456648916233]
VALX,[3.5052352281164456, 3.7301877761354896, 3.6867432611294193]
VAMO,[2.148486099170899, 3.6309824976622984, 3.804882683030719]
VAW,[3.7099764774300055, 3.946789516161055, 3.6709644006655298]
VB,[3.050189340249392, 3.860556274110816, 3.668749540102079]
VBK,[4.6939247273677385, 3.9795070123276526, 3.664451919543736]
VBND,[2.9885093844158273, 3.885505757726208, 3.7902411685050783]
VBR,[6.2074666530423075, 3.9602361664693913, 3.643182740949997]
VCIT,[2.042992031984945, 3.9743430221043266, 3.965280718703739]
VCLT,[6.537157223207547, 3.730862429681259, 3.6830697355199273]
VCR,[6.6855231244764175, 3.9234729592366464, 3.6700216786442703]
VCSH,[3.2002193205032987, 3.8848849151515106, 3.9986110969912265]
VDC,[3.8185955642798146, 3.8533467322748223, 3.700964726854232]
VDE,[2.42754013445814, 3.724562647005563, 3.7732659812878726]
VEA,[3.602309104500298, 3.830931693894731, 3.7496610873407823]
VEGA,[3.5916380020091703, 3.9676142098570617, 3.6726460283268896]
VEGI,[1.4898110160018705, 3.9563943520389713, 3.910652337030596]
VEU,[5.185775169095073, 3.973461902337651, 3.896396918084146]
VFH,[3.813957494015401, 3.846553093818388, 3.992275068374043]
VGIT,[3.408690997875343, 3.9182570786769415, 3.9073191566781778]
VGK,[3.5692030601493294, 3.984597103010764, 3.708612470913121]
VGLT,[3.1451539089255602, 3.984058843544564, 3.7170864812829914]
VGSH,[2.919879743640246, 3.7976906554469334, 3.705411559669203]
VGT,[5.6772242991666815, 3.9923954471833936, 3.619018654144422]
VHT,[3.383586572998459, 3.967896615671064, 3.641383809843086]
VIG,[3.808968150929279, 3.9036181574306226, 3.6180055756805216]
VIGI,[2.892781517955696, 3.8958671671693015, 3.696452689513316]
VIOG,[3.377041460929876, 3.776887157535192, 3.604660979612079]
VIOO,[3.511946758685488, 3.884769692399588, 3.6573343484592407]
VIOV,[3.644121741628216, 3.889309944099887, 3.7573461699516617]
VIS,[6.493344746034519, 3.8866777777592407, 3.667267811539405]
VIXH,[3.0059467916246394, 3.881572816371548, 3.986915398101353]
VLU,[1.497813927346866, 3.89942061115876, 3.79412982766825]
VLUE,[3.55072182482957, 3.817825711266491, 3.659478943062078]
VMBS,[3.602315776631781, 3.7783007560704434, 3.746883278553219]
VNM,[5.0547023858537194, 3.7604564977802553, 3.9391042665988527]
VNQ,[4.678839993981152, 3.963814836357716, 3.9249997682552062]
VNQI,[3.7402605925224464, 3.782696501379681, 3.6882976974668065]
VO,[3.850603522122928, 3.621081805699232, 2.0822476717433607]
VOE,[3.258393542663802, 3.764768630438932, 3.6138342041256992]
VONE,[2.522888654225083, 3.94802773684392, 3.6784922626787986]
VONG,[4.417327378382111, 3.9164594887105593, 3.6085963841088646]
VONV,[0.1638945696170328, 3.940823042831661, 3.6720689687614274]
VOO,[5.297404830616819, 3.8886095028549263, 3.698101507914131]
VOOG,[3.6511921061797423, 3.8467041742832286, 3.6977165443014113]
VOOV,[3.385261250389936, 3.7392216376833622, 3.6860842313125617]
VOT,[2.5088486635757885, 3.8673124193755584, 3.709569811054188]
VOX,[3.1397567965698943, 3.918206638478835, 3.615307451057803]
VPL,[3.4588782981309074, 3.8895277383768048, 3.715928508078716]
VPU,[3.6206609985092393, 3.955262090376417, 3.9597560248927697]
VRP,[4.384530658458962, 3.9601702218336374, 3.7974992951149953]
VSS,[2.9520818602800216, 3.8988702455268727, 3.6789313294703674]
VT,[1.2865178324733977, 3.879901084037827, 3.6401242473308817]
VTEB,[3.429622259442966, 3.641781626356916, 3.6851986845311537]
VTHR,[1.9244876028488629, 3.8801316250432056, 3.61488809759738]
VTI,[3.1994219325078332, 3.7401662974364025, 3.7124048672582655]
VTIP,[3.6000449359673303, 3.880270320935361, 3.88967722652086]
VTV,[1.3326492164654284, 3.9609033336787247, 3.991417158360429]
VTWG,[3.4508124871844474, 3.8629155169861673, 3.6595805395973455]
VTWO,[5.053259586766214, 3.967325259319245, 3.6701140965374286]
VTWV,[3.999406698746179, 3.9078502836930817, 3.6698800630661768]
VUG,[3.6155142013796255, 3.904301977821268, 3.6682774261393583]
VV,[3.5227559686660945, 3.8369659212659544, 3.686870026617019]
VWO,[3.384255019345967, 3.9849521742920233, 3.823653727339416]
VWOB,[3.64216652810304, 3.9422507568779177, 3.723833239214059]
VXF,[3.8847425019512993, 3.877579692973228, 3.607389495535181]
VXUS,[3.4702433604961445, 3.9096531023294623, 3.992242281980068]
VYM,[1.9580433384925056, 3.954983130205591, 3.652912999051411]
VYMI,[4.842604719114525, 3.906451820138801, 3.6583472726487822]
WBIA,[3.5210514332029668, 3.729741488589126, 3.6976471489483025]
WBIB,[5.516285151764914, 3.9494529203303768, 3.7035876130595486]
WBIC,[2.881735636220895, 3.824355069879611, 3.936500486907749]
WBID,[3.105432841795994, 3.887180965037605, 3.63609937476724]
WBIE,[0.007272316219168, 3.8059615788880534, 3.733312094752917]
WBIF,[3.7852191351698665, 3.9246405733004113, 3.727895985235131]
WBIG,[3.5302528338576775, 3.9085185914044382, 3.9038670422338897]
WBIH,[3.1427503837859616, 3.80766965421604, 3.9965526396810738]
WBII,[3.9805066942318454, 3.9415898939784904, 3.9101878338976945]
WBIL,[3.9357490904983585, 3.8981029849567466, 3.7615234594771065]
WDIV,[1.569913248636644, 3.952237046070832, 3.6480586159836825]
WDTI,[3.3360046059188053, 3.8994474925716096, 3.9772143303183065]
WEAT,[2.1395025103467686, 3.824134121877988, 3.857804608508456]
WIP,[3.8853285433218496, 3.818475835529094, 3.7636140962456657]
WMCR,[3.8681435492230234, 3.965968832894712, 3.6717112297620753]
WOOD,[3.654480751267101, 3.974317244267736, 3.6495967795419313]
WPS,[2.0345908036691527, 3.817534950557472, 3.9445840056311376]
WREI,[3.086686334960076, 3.8645790947117287, 3.6807682890140354]
XAR,[3.795021582514422, 3.869105563958263, 3.714030953469422]
XBI,[3.5018825636352164, 3.98234632284896, 3.651080975388029]
XCEM,[2.9458567837286447, 3.9153489075047654, 3.644108028028107]
XES,[3.289845385125392, 3.6562963420471055, 3.934430687839974]
XHB,[2.977051380966111, 3.88120609567397, 3.7584499791002384]
XHE,[7.109719308201366, 3.7912283398860054, 3.677403900153051]
XHS,[2.893749139364163, 3.8772207551918703, 3.686857922703078]
XITK,[1.6839901644057156, 3.8283570843785455, 3.7211640922205578]
XLB,[3.1783413131962517, 3.9325491175362215, 3.716517008618277]
XLE,[3.866542696058936, 3.925180315563313, 3.6738522403087472]
XLF,[3.6015346897471168, 3.7862437443406294, 3.664277576133776]
XLG,[5.357194420537545, 3.7985281809880656, 3.679835356032464]
XLI,[4.936592720484591, 3.8239305042181666, 3.6135891995899794]
XLK,[3.273911717932195, 3.7427118549099254, 3.7363500806134864]
XLP,[4.365974131740515, 3.743054388837832, 3.7242673721372026]
XLU,[3.4672804242600206, 3.7369844047808862, 3.717738461295816]
XLV,[4.173192661081671, 3.8572833324173663, 3.645194538175]
XLY,[3.971978371600117, 3.8489959407252696, 3.705696740064971]
XME,[3.708882099328599, 3.8197219964309626, 3.7777546855266944]
XMLV,[2.260392059714979, 3.9654397763338345, 3.7502827116793664]
XMPT,[3.4302588185474225, 3.8617363208735167, 3.762703804159304]
XOP,[2.581848469272776, 3.9494636689692673, 3.9629722802555736]
XPH,[2.548897643939396, 3.858004895524548, 3.748403816393968]
XRLV,[3.1968593716046776, 3.927738397154073, 3.615255713582603]
XRT,[3.218740411945827, 3.85814728562599, 3.7139016179252966]
XSD,[3.335013718034248, 3.951306806165372, 3.6345926969801456]
XSLV,[3.298587336436379, 3.8187906575253767, 3.738536807609047]
XSW,[3.689553580765307, 3.8692489036352056, 3.737929125978933]
XT,[6.502242597182095, 3.9583905583508394, 3.6383857631300303]
XTL,[5.032510948129484, 3.9600645439939384, 3.6524895727792304]
XTN,[3.625660383224464, 3.9578394137110378, 3.609297384513341]
YAO,[3.1272762724688152, 3.8155216199023574, 3.7339858195512905]
YDIV,[3.500965735365551, 3.687436985204555, 3.638506854077868]
YLCO,[3.2535807085351616, 3.708800788125679, 3.936406716517769]
YLD,[3.720851121043753, 3.894171934573484, 3.6661492046202486]
YMLI,[3.158657486025692, 3.993094342993593, 3.9075016883643072]
YMLP,[3.961684999345384, 3.6986961483305665, 3.951039449846859]
YYY,[3.758068475911733, 3.826991607295972, 3.662966052997605]
ZLRG,[3.450418529006787, 3.8840721631864854, 3.813617410609152]
ZROZ,[3.7724092849872513, 3.7281755094798728, 3.7651902571390448]
ZSML,[3.026384944624988, 3.896897077518169, 3.6871213770157376]
