0.10816;0.10742;0.10816
0.10742;0.10816;0.1078
0.10816;0.1078;0.10629
0.1078;0.10629;0.1073
0.10629;0.1073;0.1076
0.1073;0.1076;0.10725
0.1076;0.10725;0.10644
0.10725;0.10644;0.10541
0.10644;0.10541;0.10595
0.10541;0.10595;0.10492
0.10595;0.10492;0.10519
0.10492;0.10519;0.10625
0.10519;0.10625;0.10589
0.10625;0.10589;0.10497
0.10589;0.10497;0.10517
0.10497;0.10517;0.10537
0.10517;0.10537;0.10683
0.10537;0.10683;0.10822
0.10683;0.10822;0.1076
0.10822;0.1076;0.10697
0.1076;0.10697;0.1061
0.10697;0.1061;0.10671
0.1061;0.10671;0.10679
0.10671;0.10679;0.108
0.10679;0.108;0.10681
0.108;0.10681;0.10851
0.10681;0.10851;0.10771
0.10851;0.10771;0.10884
0.10771;0.10884;0.10922
0.10884;0.10922;0.10866
0.10922;0.10866;0.10978
0.10866;0.10978;0.10986
0.10978;0.10986;0.10798
0.10986;0.10798;0.10828
0.10798;0.10828;0.1083
0.10828;0.1083;0.10775
0.1083;0.10775;0.10846
0.10775;0.10846;0.10861
0.10846;0.10861;0.10696
0.10861;0.10696;0.10699
0.10696;0.10699;0.10709
0.10699;0.10709;0.10816
0.10709;0.10816;0.10755
0.10816;0.10755;0.10749
0.10755;0.10749;0.10837
0.10749;0.10837;0.10798
0.10837;0.10798;0.10868
0.10798;0.10868;0.10814
0.10868;0.10814;0.10734
0.10814;0.10734;0.10647
0.10734;0.10647;0.10617
0.10647;0.10617;0.10605
0.10617;0.10605;0.10634
0.10605;0.10634;0.10652
0.10634;0.10652;0.1062
0.10652;0.1062;0.10547
0.1062;0.10547;0.10502
0.10547;0.10502;0.10555
0.10502;0.10555;0.10571
0.10555;0.10571;0.10626
0.10571;0.10626;0.10593
0.10626;0.10593;0.10494
0.10593;0.10494;0.10494
0.10494;0.10494;0.10443
0.10494;0.10443;0.10491
0.10443;0.10491;0.10583
0.10491;0.10583;0.10595
0.10583;0.10595;0.10582
0.10595;0.10582;0.10484
0.10582;0.10484;0.1047
0.10484;0.1047;0.10561
0.1047;0.10561;0.10534
0.10561;0.10534;0.10568
0.10534;0.10568;0.10613
0.10568;0.10613;0.10599
0.10613;0.10599;0.10503
0.10599;0.10503;0.10555
0.10503;0.10555;0.10475
0.10555;0.10475;0.10397
0.10475;0.10397;0.10329
0.10397;0.10329;0.10374
0.10329;0.10374;0.104
0.10374;0.104;0.10453
0.104;0.10453;0.10421
0.10453;0.10421;0.10328
0.10421;0.10328;0.1042
0.10328;0.1042;0.10369
0.1042;0.10369;0.10318
0.10369;0.10318;0.10327
0.10318;0.10327;0.1022
0.10327;0.1022;0.10192
0.1022;0.10192;0.10203
0.10192;0.10203;0.10225
0.10203;0.10225;0.10293
0.10225;0.10293;0.10243
0.10293;0.10243;0.10312
0.10243;0.10312;0.10306
0.10312;0.10306;0.10372
0.10306;0.10372;0.10374
0.10372;0.10374;0.10426
0.10374;0.10426;0.10513
0.10426;0.10513;0.10501
0.10513;0.10501;0.10465
0.10501;0.10465;0.10497
0.10465;0.10497;0.10488
0.10497;0.10488;0.10526
0.10488;0.10526;0.10557
0.10526;0.10557;0.10608
0.10557;0.10608;0.10616
0.10608;0.10616;0.10504
0.10616;0.10504;0.10583
0.10504;0.10583;0.10605
0.10583;0.10605;0.10468
0.10605;0.10468;0.10399
0.10468;0.10399;0.10373
0.10399;0.10373;0.10391
0.10373;0.10391;0.10354
0.10391;0.10354;0.10343
0.10354;0.10343;0.10441
0.10343;0.10441;0.10361
0.10441;0.10361;0.10445
0.10361;0.10445;0.10405
0.10445;0.10405;0.10413
0.10405;0.10413;0.10516
0.10413;0.10516;0.10485
0.10516;0.10485;0.10461
0.10485;0.10461;0.10405
0.10461;0.10405;0.10388
0.10405;0.10388;0.10521
0.10388;0.10521;0.1051
0.10521;0.1051;0.10448
0.1051;0.10448;0.10538
0.10448;0.10538;0.10506
0.10538;0.10506;0.10549
0.10506;0.10549;0.10616
0.10549;0.10616;0.1065
0.10616;0.1065;0.10616
0.1065;0.10616;0.1066
0.10616;0.1066;0.10638
0.1066;0.10638;0.10618
0.10638;0.10618;0.10706
0.10618;0.10706;0.10692
0.10706;0.10692;0.10728
0.10692;0.10728;0.10719
0.10728;0.10719;0.10673
0.10719;0.10673;0.10722
0.10673;0.10722;0.10753
0.10722;0.10753;0.10816
0.10753;0.10816;0.10805
0.10816;0.10805;0.10839
0.10805;0.10839;0.10912
0.10839;0.10912;0.10874
0.10912;0.10874;0.10862
0.10874;0.10862;0.10773
0.10862;0.10773;0.11026
0.10773;0.11026;0.11036
0.11026;0.11036;0.1106
0.11036;0.1106;0.10957
0.1106;0.10957;0.10705
0.10957;0.10705;0.10666
0.10705;0.10666;0.10648
0.10666;0.10648;0.10679
0.10648;0.10679;0.10642
0.10679;0.10642;0.10661
0.10642;0.10661;0.10888
0.10661;0.10888;0.10662
0.10888;0.10662;0.10724
0.10662;0.10724;0.10822
0.10724;0.10822;0.10838
0.10822;0.10838;0.10942
0.10838;0.10942;0.10937
0.10942;0.10937;0.10729
0.10937;0.10729;0.10623
0.10729;0.10623;0.10502
0.10623;0.10502;0.10429
0.10502;0.10429;0.10329
0.10429;0.10329;0.10381
0.10329;0.10381;0.10374
0.10381;0.10374;0.10313
0.10374;0.10313;0.10379
0.10313;0.10379;0.105
0.10379;0.105;0.10615
0.105;0.10615;0.10629
0.10615;0.10629;0.10565
0.10629;0.10565;0.10566
0.10565;0.10566;0.10454
0.10566;0.10454;0.10386
0.10454;0.10386;0.10329
0.10386;0.10329;0.10221
0.10329;0.10221;0.10223
0.10221;0.10223;0.1039
0.10223;0.1039;0.10494
0.1039;0.10494;0.10497
0.10494;0.10497;0.10427
0.10497;0.10427;0.10482
0.10427;0.10482;0.10552
0.10482;0.10552;0.10603
0.10552;0.10603;0.10433
0.10603;0.10433;0.10607
0.10433;0.10607;0.10655
0.10607;0.10655;0.10808
0.10655;0.10808;0.10985
0.10808;0.10985;0.11299
0.10985;0.11299;0.11155
0.11299;0.11155;0.11037
0.11155;0.11037;0.11283
0.11037;0.11283;0.11277
0.11283;0.11277;0.11381
0.11277;0.11381;0.11553
0.11381;0.11553;0.11575
0.11553;0.11575;0.11623
0.11575;0.11623;0.11792
0.11623;0.11792;0.11629
0.11792;0.11629;0.11595
0.11629;0.11595;0.1177
0.11595;0.1177;0.11698
0.1177;0.11698;0.11762
0.11698;0.11762;0.11788
0.11762;0.11788;0.11863
0.11788;0.11863;0.12069
0.11863;0.12069;0.12188
0.12069;0.12188;0.12335
0.12188;0.12335;0.12339
0.12335;0.12339;0.12318
0.12339;0.12318;0.12339
0.12318;0.12339;0.12285
0.12339;0.12285;0.12332
0.12285;0.12332;0.12268
0.12332;0.12268;0.12324
0.12268;0.12324;0.12161
0.12324;0.12161;0.11886
0.12161;0.11886;0.11745
0.11886;0.11745;0.11722
0.11745;0.11722;0.11788
0.11722;0.11788;0.11814
0.11788;0.11814;0.11835
0.11814;0.11835;0.11905
0.11835;0.11905;0.11955
0.11905;0.11955;0.12067
0.11955;0.12067;0.1208
0.12067;0.1208;0.11988
0.1208;0.11988;0.11891
0.11988;0.11891;0.11637
0.11891;0.11637;0.11492
0.11637;0.11492;0.11499
0.11492;0.11499;0.1145
0.11499;0.1145;0.11621
0.1145;0.11621;0.11495
0.11621;0.11495;0.11289
0.11495;0.11289;0.11328
0.11289;0.11328;0.11435
0.11328;0.11435;0.11299
0.11435;0.11299;0.11246
0.11299;0.11246;0.11265
0.11246;0.11265;0.11185
0.11265;0.11185;0.11201
0.11185;0.11201;0.11416
0.11201;0.11416;0.11504
0.11416;0.11504;0.11481
0.11504;0.11481;0.11304
0.11481;0.11304;0.1157
0.11304;0.1157;0.11478
0.1157;0.11478;0.11355
0.11478;0.11355;0.11409
0.11355;0.11409;0.11454
0.11409;0.11454;0.11426
0.11454;0.11426;0.11329
0.11426;0.11329;0.11257
0.11329;0.11257;0.11207
0.11257;0.11207;0.11317
0.11207;0.11317;0.11257
0.11317;0.11257;0.11214
0.11257;0.11214;0.11463
0.11214;0.11463;0.11382
0.11463;0.11382;0.11356
0.11382;0.11356;0.11231
0.11356;0.11231;0.11339
0.11231;0.11339;0.11375
0.11339;0.11375;0.11379
0.11375;0.11379;0.11307
0.11379;0.11307;0.11243
0.11307;0.11243;0.11744
0.11243;0.11744;0.11746
0.11744;0.11746;0.1168
0.11746;0.1168;0.1164
0.1168;0.1164;0.116
0.1164;0.116;0.11568
0.116;0.11568;0.11622
0.11568;0.11622;0.11662
0.11622;0.11662;0.117
0.11662;0.117;0.11725
0.117;0.11725;0.11771
0.11725;0.11771;0.11673
0.11771;0.11673;0.11459
0.11673;0.11459;0.11442
0.11459;0.11442;0.11468
0.11442;0.11468;0.11526
0.11468;0.11526;0.11416
0.11526;0.11416;0.11498
0.11416;0.11498;0.11517
0.11498;0.11517;0.11548
0.11517;0.11548;0.11487
0.11548;0.11487;0.11365
0.11487;0.11365;0.1145
0.11365;0.1145;0.11415
0.1145;0.11415;0.11322
0.11415;0.11322;0.11343
0.11322;0.11343;0.1128
0.11343;0.1128;0.11379
0.1128;0.11379;0.1126
0.11379;0.1126;0.11183
0.1126;0.11183;0.1116
0.11183;0.1116;0.11098
0.1116;0.11098;0.11134
0.11098;0.11134;0.11096
0.11134;0.11096;0.11081
0.11096;0.11081;0.10963
0.11081;0.10963;0.10983
0.10963;0.10983;0.11119
0.10983;0.11119;0.11127
0.11119;0.11127;0.11198
0.11127;0.11198;0.11187
0.11198;0.11187;0.1119
0.11187;0.1119;0.11088
0.1119;0.11088;0.11054
0.11088;0.11054;0.11165
0.11054;0.11165;0.10949
0.11165;0.10949;0.10887
0.10949;0.10887;0.10762
0.10887;0.10762;0.10613
0.10762;0.10613;0.10715
0.10613;0.10715;0.10876
0.10715;0.10876;0.10606
0.10876;0.10606;0.10656
0.10606;0.10656;0.1073
0.10656;0.1073;0.10571
0.1073;0.10571;0.10463
0.10571;0.10463;0.10415
0.10463;0.10415;0.10484
0.10415;0.10484;0.10401
0.10484;0.10401;0.10477
0.10401;0.10477;0.1055
0.10477;0.1055;0.10618
0.1055;0.10618;0.10699
0.10618;0.10699;0.107
0.10699;0.107;0.10542
0.107;0.10542;0.10618
0.10542;0.10618;0.10718
0.10618;0.10718;0.10791
0.10718;0.10791;0.10696
0.10791;0.10696;0.10858
0.10696;0.10858;0.10904
0.10858;0.10904;0.10904
0.10904;0.10904;0.1089
0.10904;0.1089;0.10851
0.1089;0.10851;0.10898
0.10851;0.10898;0.10897
0.10898;0.10897;0.10954
0.10897;0.10954;0.11093
0.10954;0.11093;0.10995
0.11093;0.10995;0.1108
0.10995;0.1108;0.10984
0.1108;0.10984;0.10904
0.10984;0.10904;0.10725
0.10904;0.10725;0.10767
0.10725;0.10767;0.10702
0.10767;0.10702;0.1075
0.10702;0.1075;0.10897
0.1075;0.10897;0.10819
0.10897;0.10819;0.10681
0.10819;0.10681;0.10713
0.10681;0.10713;0.10628
0.10713;0.10628;0.107
0.10628;0.107;0.10729
0.107;0.10729;0.10798
0.10729;0.10798;0.10928
0.10798;0.10928;0.10777
0.10928;0.10777;0.10739
0.10777;0.10739;0.10622
0.10739;0.10622;0.10652
0.10622;0.10652;0.10552
0.10652;0.10552;0.10683
0.10552;0.10683;0.10782
0.10683;0.10782;0.10719
0.10782;0.10719;0.1084
0.10719;0.1084;0.10867
0.1084;0.10867;0.10984
0.10867;0.10984;0.10939
0.10984;0.10939;0.10986
0.10939;0.10986;0.11028
0.10986;0.11028;0.10884
0.11028;0.10884;0.1097
0.10884;0.1097;0.11043
0.1097;0.11043;0.11059
0.11043;0.11059;0.11023
0.11059;0.11023;0.11049
0.11023;0.11049;0.1108
0.11049;0.1108;0.11071
0.1108;0.11071;0.11175
0.11071;0.11175;0.11118
0.11175;0.11118;0.10987
0.11118;0.10987;0.10965
0.10987;0.10965;0.10962
0.10965;0.10962;0.11084
0.10962;0.11084;0.11119
0.11084;0.11119;0.11071
0.11119;0.11071;0.11024
0.11071;0.11024;0.1102
0.11024;0.1102;0.11118
0.1102;0.11118;0.11043
0.11118;0.11043;0.11042
0.11043;0.11042;0.11056
0.11042;0.11056;0.11063
0.11056;0.11063;0.11096
0.11063;0.11096;0.11191
0.11096;0.11191;0.11249
0.11191;0.11249;0.11239
0.11249;0.11239;0.11229
0.11239;0.11229;0.11309
0.11229;0.11309;0.11279
0.11309;0.11279;0.11263
0.11279;0.11263;0.11208
0.11263;0.11208;0.11325
0.11208;0.11325;0.11239
0.11325;0.11239;0.11055
0.11239;0.11055;0.11108
0.11055;0.11108;0.11121
0.11108;0.11121;0.11025
0.11121;0.11025;0.10979
0.11025;0.10979;0.1105
0.10979;0.1105;0.11102
0.1105;0.11102;0.11142
0.11102;0.11142;0.11099
0.11142;0.11099;0.11066
0.11099;0.11066;0.10993
0.11066;0.10993;0.10887
0.10993;0.10887;0.11021
0.10887;0.11021;0.11073
0.11021;0.11073;0.10977
0.11073;0.10977;0.111
0.10977;0.111;0.11041
0.111;0.11041;0.10969
0.11041;0.10969;0.10899
0.10969;0.10899;0.10891
0.10899;0.10891;0.10927
0.10891;0.10927;0.10945
0.10927;0.10945;0.10939
0.10945;0.10939;0.10981
0.10939;0.10981;0.10957
0.10981;0.10957;0.11011
0.10957;0.11011;0.11112
0.11011;0.11112;0.11144
0.11112;0.11144;0.11096
0.11144;0.11096;0.11125
0.11096;0.11125;0.11122
0.11125;0.11122;0.1111
0.11122;0.1111;0.11174
0.1111;0.11174;0.11248
0.11174;0.11248;0.11315
0.11248;0.11315;0.11328
0.11315;0.11328;0.11205
0.11328;0.11205;0.11174
0.11205;0.11174;0.11093
0.11174;0.11093;0.10987
0.11093;0.10987;0.1102
0.10987;0.1102;0.11066
0.1102;0.11066;0.11037
0.11066;0.11037;0.10968
0.11037;0.10968;0.10906
0.10968;0.10906;0.10934
0.10906;0.10934;0.10893
0.10934;0.10893;0.10899
0.10893;0.10899;0.11028
0.10899;0.11028;0.10959
0.11028;0.10959;0.10819
0.10959;0.10819;0.10765
0.10819;0.10765;0.10766
0.10765;0.10766;0.10696
0.10766;0.10696;0.10686
0.10696;0.10686;0.10675
0.10686;0.10675;0.10705
0.10675;0.10705;0.10647
0.10705;0.10647;0.10658
0.10647;0.10658;0.10716
0.10658;0.10716;0.10648
0.10716;0.10648;0.10658
0.10648;0.10658;0.10678
0.10658;0.10678;0.10666
0.10678;0.10666;0.10798
0.10666;0.10798;0.10727
0.10798;0.10727;0.10794
0.10727;0.10794;0.10842
0.10794;0.10842;0.10814
0.10842;0.10814;0.10876
0.10814;0.10876;0.10945
0.10876;0.10945;0.10963
0.10945;0.10963;0.10906
0.10963;0.10906;0.10925
0.10906;0.10925;0.10911
0.10925;0.10911;0.10901
0.10911;0.10901;0.10948
0.10901;0.10948;0.10854
0.10948;0.10854;0.10873
0.10854;0.10873;0.10811
0.10873;0.10811;0.10924
0.10811;0.10924;0.10963
0.10924;0.10963;0.10955
0.10963;0.10955;0.10883
0.10955;0.10883;0.10825
0.10883;0.10825;0.1079
0.10825;0.1079;0.10826
0.1079;0.10826;0.10853
0.10826;0.10853;0.1076
0.10853;0.1076;0.10717
0.1076;0.10717;0.1075
0.10717;0.1075;0.10716
0.1075;0.10716;0.10838
0.10716;0.10838;0.1085
0.10838;0.1085;0.10884
0.1085;0.10884;0.10925
0.10884;0.10925;0.10906
0.10925;0.10906;0.10905
0.10906;0.10905;0.10878
0.10905;0.10878;0.10928
0.10878;0.10928;0.10832
0.10928;0.10832;0.10802
0.10832;0.10802;0.10809
0.10802;0.10809;0.10803
0.10809;0.10803;0.10809
0.10803;0.10809;0.10843
0.10809;0.10843;0.10843
0.10843;0.10843;0.10913
0.10843;0.10913;0.10937
0.10913;0.10937;0.10905
0.10937;0.10905;0.10923
0.10905;0.10923;0.10937
0.10923;0.10937;0.10896
0.10937;0.10896;0.10762
0.10896;0.10762;0.10701
0.10762;0.10701;0.10731
0.10701;0.10731;0.10717
0.10731;0.10717;0.10736
0.10717;0.10736;0.1077
0.10736;0.1077;0.10715
0.1077;0.10715;0.10599
0.10715;0.10599;0.10605
0.10599;0.10605;0.10709
0.10605;0.10709;0.10687
0.10709;0.10687;0.10705
0.10687;0.10705;0.10751
0.10705;0.10751;0.10772
0.10751;0.10772;0.10728
0.10772;0.10728;0.10754
0.10728;0.10754;0.10822
0.10754;0.10822;0.10785
0.10822;0.10785;0.10804
0.10785;0.10804;0.1086
0.10804;0.1086;0.10841
0.1086;0.10841;0.10803
0.10841;0.10803;0.10809
0.10803;0.10809;0.10936
0.10809;0.10936;0.10857
0.10936;0.10857;0.10902
0.10857;0.10902;0.10979
0.10902;0.10979;0.10929
0.10979;0.10929;0.11025
0.10929;0.11025;0.11063
0.11025;0.11063;0.11265
0.11063;0.11265;0.11199
0.11265;0.11199;0.11088
0.11199;0.11088;0.11087
0.11088;0.11087;0.11034
0.11087;0.11034;0.11086
0.11034;0.11086;0.11186
0.11086;0.11186;0.11149
0.11186;0.11149;0.1126
0.11149;0.1126;0.11279
0.1126;0.11279;0.11415
0.11279;0.11415;0.11421
0.11415;0.11421;0.11413
0.11421;0.11413;0.11459
0.11413;0.11459;0.11434
0.11459;0.11434;0.1127
0.11434;0.1127;0.113
0.1127;0.113;0.11308
0.113;0.11308;0.11247
0.11308;0.11247;0.11203
0.11247;0.11203;0.11396
0.11203;0.11396;0.11459
0.11396;0.11459;0.1142
0.11459;0.1142;0.1142
0.1142;0.1142;0.11277
0.1142;0.11277;0.11371
0.11277;0.11371;0.11337
0.11371;0.11337;0.11296
0.11337;0.11296;0.11345
0.11296;0.11345;0.11414
0.11345;0.11414;0.11393
0.11414;0.11393;0.11375
0.11393;0.11375;0.11469
0.11375;0.11469;0.11518
0.11469;0.11518;0.1149
0.11518;0.1149;0.11521
0.1149;0.11521;0.11606
0.11521;0.11606;0.11675
0.11606;0.11675;0.11698
0.11675;0.11698;0.11671
0.11698;0.11671;0.11632
0.11671;0.11632;0.11683
0.11632;0.11683;0.11624
0.11683;0.11624;0.11594
0.11624;0.11594;0.11549
0.11594;0.11549;0.11554
0.11549;0.11554;0.11494
0.11554;0.11494;0.11569
0.11494;0.11569;0.11658
0.11569;0.11658;0.11707
0.11658;0.11707;0.11669
0.11707;0.11669;0.11684
0.11669;0.11684;0.11798
0.11684;0.11798;0.1172
0.11798;0.1172;0.11644
0.1172;0.11644;0.11628
0.11644;0.11628;0.11575
0.11628;0.11575;0.11613
0.11575;0.11613;0.11633
0.11613;0.11633;0.11757
0.11633;0.11757;0.11645
0.11757;0.11645;0.11705
0.11645;0.11705;0.11655
0.11705;0.11655;0.11717
0.11655;0.11717;0.11813
0.11717;0.11813;0.11792
0.11813;0.11792;0.11852
0.11792;0.11852;0.11959
0.11852;0.11959;0.11925
0.11959;0.11925;0.1201
0.11925;0.1201;0.12159
0.1201;0.12159;0.12098
0.12159;0.12098;0.12114
0.12098;0.12114;0.12205
0.12114;0.12205;0.12162
0.12205;0.12162;0.12177
0.12162;0.12177;0.12315
0.12177;0.12315;0.12248
0.12315;0.12248;0.12329
0.12248;0.12329;0.12121
0.12329;0.12121;0.12283
0.12121;0.12283;0.1236
0.12283;0.1236;0.1218
0.1236;0.1218;0.12107
0.1218;0.12107;0.12019
0.12107;0.12019;0.12146
0.12019;0.12146;0.12092
0.12146;0.12092;0.11959
0.12092;0.11959;0.11921
0.11959;0.11921;0.11967
0.11921;0.11967;0.12049
0.11967;0.12049;0.11969
0.12049;0.11969;0.11903
0.11969;0.11903;0.11924
0.11903;0.11924;0.11967
0.11924;0.11967;0.12096
0.11967;0.12096;0.12134
0.12096;0.12134;0.1216
0.12134;0.1216;0.12062
0.1216;0.12062;0.12198
0.12062;0.12198;0.12263
0.12198;0.12263;0.12237
0.12263;0.12237;0.12218
0.12237;0.12218;0.12181
0.12218;0.12181;0.12217
0.12181;0.12217;0.12186
0.12217;0.12186;0.12292
0.12186;0.12292;0.12267
0.12292;0.12267;0.1226
0.12267;0.1226;0.12278
0.1226;0.12278;0.12209
0.12278;0.12209;0.12189
0.12209;0.12189;0.12099
0.12189;0.12099;0.12005
0.12099;0.12005;0.12089
0.12005;0.12089;0.12122
0.12089;0.12122;0.12134
0.12122;0.12134;0.12052
0.12134;0.12052;0.12061
0.12052;0.12061;0.12091
0.12061;0.12091;0.11963
0.12091;0.11963;0.11883
0.11963;0.11883;0.11935
0.11883;0.11935;0.11988
0.11935;0.11988;0.11936
0.11988;0.11936;0.12014
0.11936;0.12014;0.11948
0.12014;0.11948;0.12054
0.11948;0.12054;0.11966
0.12054;0.11966;0.1197
0.11966;0.1197;0.11822
0.1197;0.11822;0.11854
0.11822;0.11854;0.11839
0.11854;0.11839;0.11742
0.11839;0.11742;0.11561
0.11742;0.11561;0.11717
0.11561;0.11717;0.11655
0.11717;0.11655;0.11634
0.11655;0.11634;0.11686
0.11634;0.11686;0.11751
0.11686;0.11751;0.11792
0.11751;0.11792;0.11634
0.11792;0.11634;0.11703
0.11634;0.11703;0.1175
0.11703;0.1175;0.11792
0.1175;0.11792;0.11563
0.11792;0.11563;0.1153
0.11563;0.1153;0.11512
0.1153;0.11512;0.1161
0.11512;0.1161;0.11396
0.1161;0.11396;0.11293
0.11396;0.11293;0.11311
0.11293;0.11311;0.11224
0.11311;0.11224;0.1127
0.11224;0.1127;0.11105
0.1127;0.11105;0.11058
0.11105;0.11058;0.11121
0.11058;0.11121;0.11236
0.11121;0.11236;0.11237
0.11236;0.11237;0.11254
0.11237;0.11254;0.11218
0.11254;0.11218;0.11176
0.11218;0.11176;0.11254
0.11176;0.11254;0.11064
0.11254;0.11064;0.11213
0.11064;0.11213;0.11198
0.11213;0.11198;0.1127
0.11198;0.1127;0.11229
0.1127;0.11229;0.11239
0.11229;0.11239;0.11082
0.11239;0.11082;0.11138
0.11082;0.11138;0.11205
0.11138;0.11205;0.11255
0.11205;0.11255;0.11208
0.11255;0.11208;0.11159
0.11208;0.11159;0.1124
0.11159;0.1124;0.11213
0.1124;0.11213;0.11169
0.11213;0.11169;0.1121
0.11169;0.1121;0.11108
0.1121;0.11108;0.11148
0.11108;0.11148;0.11153
0.11148;0.11153;0.11246
0.11153;0.11246;0.11138
0.11246;0.11138;0.11169
0.11138;0.11169;0.11234
0.11169;0.11234;0.11182
0.11234;0.11182;0.11088
0.11182;0.11088;0.11062
0.11088;0.11062;0.11013
0.11062;0.11013;0.10921
0.11013;0.10921;0.10921
0.10921;0.10921;0.10846
0.10921;0.10846;0.10921
0.10846;0.10921;0.10885
0.10921;0.10885;0.10956
0.10885;0.10956;0.10989
0.10956;0.10989;0.11014
0.10989;0.11014;0.10995
0.11014;0.10995;0.11031
0.10995;0.11031;0.11029
0.11031;0.11029;0.11156
0.11029;0.11156;0.11142
0.11156;0.11142;0.1118
0.11142;0.1118;0.11229
0.1118;0.11229;0.11232
0.11229;0.11232;0.11207
0.11232;0.11207;0.11124
0.11207;0.11124;0.11039
0.11124;0.11039;0.11115
0.11039;0.11115;0.11079
0.11115;0.11079;0.11039
0.11079;0.11039;0.11108
0.11039;0.11108;0.11237
0.11108;0.11237;0.11203
0.11237;0.11203;0.11221
0.11203;0.11221;0.11294
0.11221;0.11294;0.114
0.11294;0.114;0.11357
0.114;0.11357;0.1135
0.11357;0.1135;0.11295
0.1135;0.11295;0.11311
0.11295;0.11311;0.11282
0.11311;0.11282;0.11224
0.11282;0.11224;0.11195
0.11224;0.11195;0.11197
0.11195;0.11197;0.11156
0.11197;0.11156;0.11192
0.11156;0.11192;0.1118
0.11192;0.1118;0.11154
0.1118;0.11154;0.11183
0.11154;0.11183;0.11132
0.11183;0.11132;0.11051
0.11132;0.11051;0.11032
0.11051;0.11032;0.11004
0.11032;0.11004;0.11012
0.11004;0.11012;0.1109
0.11012;0.1109;0.11136
0.1109;0.11136;0.11115
0.11136;0.11115;0.11219
0.11115;0.11219;0.11249
0.11219;0.11249;0.11273
0.11249;0.11273;0.11218
0.11273;0.11218;0.11223
0.11218;0.11223;0.1127
0.11223;0.1127;0.11336
0.1127;0.11336;0.11272
0.11336;0.11272;0.11315
0.11272;0.11315;0.11361
0.11315;0.11361;0.11332
0.11361;0.11332;0.11367
0.11332;0.11367;0.11417
0.11367;0.11417;0.11495
0.11417;0.11495;0.11484
0.11495;0.11484;0.11486
0.11484;0.11486;0.11439
0.11486;0.11439;0.11484
0.11439;0.11484;0.1145
0.11484;0.1145;0.11511
0.1145;0.11511;0.11551
0.11511;0.11551;0.11605
0.11551;0.11605;0.11522
0.11605;0.11522;0.11521
0.11522;0.11521;0.11539
0.11521;0.11539;0.11574
0.11539;0.11574;0.11594
0.11574;0.11594;0.1158
0.11594;0.1158;0.11651
0.1158;0.11651;0.11626
0.11651;0.11626;0.11651
0.11626;0.11651;0.11751
0.11651;0.11751;0.11625
0.11751;0.11625;0.11673
0.11625;0.11673;0.11637
0.11673;0.11637;0.11659
0.11637;0.11659;0.11713
0.11659;0.11713;0.1166
0.11713;0.1166;0.11716
0.1166;0.11716;0.11684
0.11716;0.11684;0.11559
0.11684;0.11559;0.11691
0.11559;0.11691;0.11756
0.11691;0.11756;0.11738
0.11756;0.11738;0.1173
0.11738;0.1173;0.11687
0.1173;0.11687;0.11683
0.11687;0.11683;0.11768
0.11683;0.11768;0.11781
0.11768;0.11781;0.11696
0.11781;0.11696;0.11588
0.11696;0.11588;0.11504
0.11588;0.11504;0.11458
0.11504;0.11458;0.11402
0.11458;0.11402;0.11456
0.11402;0.11456;0.11486
0.11456;0.11486;0.11464
0.11486;0.11464;0.11592
0.11464;0.11592;0.11701
0.11592;0.11701;0.11752
0.11701;0.11752;0.11775
0.11752;0.11775;0.1169
0.11775;0.1169;0.117
0.1169;0.117;0.11667
0.117;0.11667;0.1178
0.11667;0.1178;0.11706
0.1178;0.11706;0.11624
0.11706;0.11624;0.11679
0.11624;0.11679;0.11619
0.11679;0.11619;0.11678
0.11619;0.11678;0.11673
0.11678;0.11673;0.11694
0.11673;0.11694;0.11876
0.11694;0.11876;0.11899
0.11876;0.11899;0.12084
0.11899;0.12084;0.12101
0.12084;0.12101;0.12338
0.12101;0.12338;0.12156
0.12338;0.12156;0.12439
0.12156;0.12439;0.1253
0.12439;0.1253;0.12764
0.1253;0.12764;0.12445
0.12764;0.12445;0.12587
0.12445;0.12587;0.12502
0.12587;0.12502;0.1259
0.12502;0.1259;0.12699
0.1259;0.12699;0.12829
0.12699;0.12829;0.12879
0.12829;0.12879;0.12858
0.12879;0.12858;0.12776
0.12858;0.12776;0.12559
0.12776;0.12559;0.12645
0.12559;0.12645;0.12704
0.12645;0.12704;0.12593
0.12704;0.12593;0.12713
0.12593;0.12713;0.12615
0.12713;0.12615;0.1273
0.12615;0.1273;0.12951
0.1273;0.12951;0.13024
0.12951;0.13024;0.12902
0.13024;0.12902;0.1297
0.12902;0.1297;0.13062
0.1297;0.13062;0.13052
0.13062;0.13052;0.12977
0.13052;0.12977;0.13007
0.12977;0.13007;0.12879
0.13007;0.12879;0.12919
0.12879;0.12919;0.13071
0.12919;0.13071;0.13094
0.13071;0.13094;0.13234
0.13094;0.13234;0.13459
0.13234;0.13459;0.13324
0.13459;0.13324;0.13211
0.13324;0.13211;0.13076
0.13211;0.13076;0.13052
0.13076;0.13052;0.13086
0.13052;0.13086;0.13219
0.13086;0.13219;0.13387
0.13219;0.13387;0.13308
0.13387;0.13308;0.13246
0.13308;0.13246;0.13106
0.13246;0.13106;0.13036
0.13106;0.13036;0.12826
0.13036;0.12826;0.12897
0.12826;0.12897;0.12817
0.12897;0.12817;0.12871
0.12817;0.12871;0.12765
0.12871;0.12765;0.12889
0.12765;0.12889;0.12868
0.12889;0.12868;0.12865
0.12868;0.12865;0.12833
0.12865;0.12833;0.12785
0.12833;0.12785;0.1277
0.12785;0.1277;0.12949
0.1277;0.12949;0.12826
0.12949;0.12826;0.12575
0.12826;0.12575;0.12637
0.12575;0.12637;0.12921
0.12637;0.12921;0.13145
0.12921;0.13145;0.13076
0.13145;0.13076;0.12967
0.13076;0.12967;0.12987
0.12967;0.12987;0.13038
0.12987;0.13038;0.12947
0.13038;0.12947;0.13126
0.12947;0.13126;0.13034
0.13126;0.13034;0.12949
0.13034;0.12949;0.13057
0.12949;0.13057;0.1304
0.13057;0.1304;0.13113
0.1304;0.13113;0.1319
0.13113;0.1319;0.13139
0.1319;0.13139;0.13207
0.13139;0.13207;0.13276
0.13207;0.13276;0.13358
0.13276;0.13358;0.13246
0.13358;0.13246;0.13241
0.13246;0.13241;0.13187
0.13241;0.13187;0.13038
0.13187;0.13038;0.12984
0.13038;0.12984;0.13075
0.12984;0.13075;0.13076
0.13075;0.13076;0.13016
0.13076;0.13016;0.13056
0.13016;0.13056;0.13153
0.13056;0.13153;0.13012
0.13153;0.13012;0.13071
0.13012;0.13071;0.13175
0.13071;0.13175;0.13299
0.13175;0.13299;0.13293
0.13299;0.13293;0.13371
0.13293;0.13371;0.13446
0.13371;0.13446;0.13261
0.13446;0.13261;0.13178
0.13261;0.13178;0.13212
0.13178;0.13212;0.13118
0.13212;0.13118;0.13115
0.13118;0.13115;0.13244
0.13115;0.13244;0.13292
0.13244;0.13292;0.13293
0.13292;0.13293;0.13185
0.13293;0.13185;0.13109
0.13185;0.13109;0.13097
0.13109;0.13097;0.13163
0.13097;0.13163;0.13151
0.13163;0.13151;0.13138
0.13151;0.13138;0.13234
0.13138;0.13234;0.13215
0.13234;0.13215;0.13301
0.13215;0.13301;0.13327
0.13301;0.13327;0.13251
0.13327;0.13251;0.1313
0.13251;0.1313;0.13053
0.1313;0.13053;0.12998
0.13053;0.12998;0.1301
0.12998;0.1301;0.13067
0.1301;0.13067;0.13163
0.13067;0.13163;0.132
0.13163;0.132;0.13284
0.132;0.13284;0.13369
0.13284;0.13369;0.13279
0.13369;0.13279;0.13288
0.13279;0.13288;0.13122
0.13288;0.13122;0.1318
0.13122;0.1318;0.13083
0.1318;0.13083;0.13081
0.13083;0.13081;0.13039
0.13081;0.13039;0.13127
0.13039;0.13127;0.13134
0.13127;0.13134;0.13172
0.13134;0.13172;0.13178
0.13172;0.13178;0.13106
0.13178;0.13106;0.13084
0.13106;0.13084;0.13008
0.13084;0.13008;0.13099
0.13008;0.13099;0.13118
0.13099;0.13118;0.13144
0.13118;0.13144;0.13219
0.13144;0.13219;0.13211
0.13219;0.13211;0.13145
0.13211;0.13145;0.13035
0.13145;0.13035;0.13109
0.13035;0.13109;0.13068
0.13109;0.13068;0.1315
0.13068;0.1315;0.13115
0.1315;0.13115;0.1305
0.13115;0.1305;0.13031
0.1305;0.13031;0.13036
0.13031;0.13036;0.12898
0.13036;0.12898;0.12691
0.12898;0.12691;0.1268
0.12691;0.1268;0.12688
0.1268;0.12688;0.1261
0.12688;0.1261;0.12615
0.1261;0.12615;0.12702
0.12615;0.12702;0.12738
0.12702;0.12738;0.12797
0.12738;0.12797;0.12775
0.12797;0.12775;0.12834
0.12775;0.12834;0.12833
0.12834;0.12833;0.12892
0.12833;0.12892;0.12776
0.12892;0.12776;0.12792
0.12776;0.12792;0.12675
0.12792;0.12675;0.12747
0.12675;0.12747;0.12825
0.12747;0.12825;0.13008
0.12825;0.13008;0.131
0.13008;0.131;0.13035
0.131;0.13035;0.13
0.13035;0.13;0.13115
0.13;0.13115;0.13109
0.13115;0.13109;0.13093
0.13109;0.13093;0.13118
0.13093;0.13118;0.13148
0.13118;0.13148;0.13144
0.13148;0.13144;0.13198
0.13144;0.13198;0.13155
0.13198;0.13155;0.13116
0.13155;0.13116;0.13175
0.13116;0.13175;0.13196
0.13175;0.13196;0.13203
0.13196;0.13203;0.13142
0.13203;0.13142;0.13189
0.13142;0.13189;0.13189
0.13189;0.13189;0.13258
0.13189;0.13258;0.1326
0.13258;0.1326;0.13305
0.1326;0.13305;0.13318
0.13305;0.13318;0.13309
0.13318;0.13309;0.13372
0.13309;0.13372;0.1347
0.13372;0.1347;0.13503
0.1347;0.13503;0.1353
0.13503;0.1353;0.13646
0.1353;0.13646;0.13628
0.13646;0.13628;0.1359
0.13628;0.1359;0.13537
0.1359;0.13537;0.13615
0.13537;0.13615;0.13555
0.13615;0.13555;0.13579
0.13555;0.13579;0.13571
0.13579;0.13571;0.13757
0.13571;0.13757;0.13825
0.13757;0.13825;0.13995
0.13825;0.13995;0.13927
0.13995;0.13927;0.13843
0.13927;0.13843;0.13681
0.13843;0.13681;0.13706
0.13681;0.13706;0.13713
0.13706;0.13713;0.13767
0.13713;0.13767;0.13668
0.13767;0.13668;0.13753
0.13668;0.13753;0.13719
0.13753;0.13719;0.13782
0.13719;0.13782;0.138
0.13782;0.138;0.13721
0.138;0.13721;0.13694
0.13721;0.13694;0.13753
0.13694;0.13753;0.13664
0.13753;0.13664;0.1376
0.13664;0.1376;0.13724
0.1376;0.13724;0.13741
0.13724;0.13741;0.13788
0.13741;0.13788;0.13663
0.13788;0.13663;0.13742
0.13663;0.13742;0.13676
0.13742;0.13676;0.13711
0.13676;0.13711;0.13785
0.13711;0.13785;0.1385
0.13785;0.1385;0.13867
0.1385;0.13867;0.13876
0.13867;0.13876;0.13933
0.13876;0.13933;0.13908
0.13933;0.13908;0.13948
0.13908;0.13948;0.13897
0.13948;0.13897;0.13892
0.13897;0.13892;0.13864
0.13892;0.13864;0.13963
0.13864;0.13963;0.13994
0.13963;0.13994;0.14054
0.13994;0.14054;0.14053
0.14054;0.14053;0.13998
0.14053;0.13998;0.13847
0.13998;0.13847;0.13897
0.13847;0.13897;0.13931
0.13897;0.13931;0.13849
0.13931;0.13849;0.13896
0.13849;0.13896;0.13771
0.13896;0.13771;0.13781
0.13771;0.13781;0.13682
0.13781;0.13682;0.13647
0.13682;0.13647;0.13636
0.13647;0.13636;0.13685
0.13636;0.13685;0.1368
0.13685;0.1368;0.13575
0.1368;0.13575;0.13466
0.13575;0.13466;0.13416
0.13466;0.13416;0.13446
0.13416;0.13446;0.13458
0.13446;0.13458;0.13474
0.13458;0.13474;0.13613
0.13474;0.13613;0.13653
0.13613;0.13653;0.1365
0.13653;0.1365;0.13696
0.1365;0.13696;0.13719
0.13696;0.13719;0.13687
0.13719;0.13687;0.13738
0.13687;0.13738;0.13835
0.13738;0.13835;0.13797
0.13835;0.13797;0.13758
0.13797;0.13758;0.13642
0.13758;0.13642;0.13625
0.13642;0.13625;0.13638
0.13625;0.13638;0.13592
0.13638;0.13592;0.13504
0.13592;0.13504;0.13496
0.13504;0.13496;0.13298
0.13496;0.13298;0.13353
0.13298;0.13353;0.13399
0.13353;0.13399;0.13439
0.13399;0.13439;0.13454
0.13439;0.13454;0.13483
0.13454;0.13483;0.13529
0.13483;0.13529;0.13608
0.13529;0.13608;0.13708
0.13608;0.13708;0.13665
0.13708;0.13665;0.13674
0.13665;0.13674;0.13676
0.13674;0.13676;0.13673
0.13676;0.13673;0.13677
0.13673;0.13677;0.13596
0.13677;0.13596;0.13498
0.13596;0.13498;0.13555
0.13498;0.13555;0.13535
0.13555;0.13535;0.13591
0.13535;0.13591;0.13628
0.13591;0.13628;0.13643
0.13628;0.13643;0.1363
0.13643;0.1363;0.13538
0.1363;0.13538;0.13428
0.13538;0.13428;0.13393
0.13428;0.13393;0.13479
0.13393;0.13479;0.13428
0.13479;0.13428;0.13517
0.13428;0.13517;0.13471
0.13517;0.13471;0.13421
0.13471;0.13421;0.13532
0.13421;0.13532;0.13607
0.13532;0.13607;0.1355
0.13607;0.1355;0.13549
0.1355;0.13549;0.13594
0.13549;0.13594;0.13517
0.13594;0.13517;0.13662
0.13517;0.13662;0.13773
0.13662;0.13773;0.13789
0.13773;0.13789;0.13809
0.13789;0.13809;0.13819
0.13809;0.13819;0.13834
0.13819;0.13834;0.13835
0.13834;0.13835;0.13819
0.13835;0.13819;0.1378
0.13819;0.1378;0.137
0.1378;0.137;0.13678
0.137;0.13678;0.13671
0.13678;0.13671;0.13707
0.13671;0.13707;0.13743
0.13707;0.13743;0.13759
0.13743;0.13759;0.13771
0.13759;0.13771;0.13765
0.13771;0.13765;0.13738
0.13765;0.13738;0.1377
0.13738;0.1377;0.13776
0.1377;0.13776;0.13787
0.13776;0.13787;0.13716
0.13787;0.13716;0.13737
0.13716;0.13737;0.13688
0.13737;0.13688;0.13601
0.13688;0.13601;0.13589
0.13601;0.13589;0.13632
0.13589;0.13632;0.13523
0.13632;0.13523;0.13442
0.13523;0.13442;0.13467
0.13442;0.13467;0.13473
0.13467;0.13473;0.13541
0.13473;0.13541;0.13535
0.13541;0.13535;0.13536
0.13535;0.13536;0.13567
0.13536;0.13567;0.1362
0.13567;0.1362;0.13486
0.1362;0.13486;0.13395
0.13486;0.13395;0.13304
0.13395;0.13304;0.13314
0.13304;0.13314;0.13316
0.13314;0.13316;0.13361
0.13316;0.13361;0.13365
0.13361;0.13365;0.13323
0.13365;0.13323;0.13377
0.13323;0.13377;0.13375
0.13377;0.13375;0.13411
0.13375;0.13411;0.13434
0.13411;0.13434;0.13358
0.13434;0.13358;0.13407
0.13358;0.13407;0.13424
0.13407;0.13424;0.13426
0.13424;0.13426;0.13401
0.13426;0.13401;0.13282
0.13401;0.13282;0.13245
0.13282;0.13245;0.13207
0.13245;0.13207;0.13202
0.13207;0.13202;0.13217
0.13202;0.13217;0.13113
0.13217;0.13113;0.13207
0.13113;0.13207;0.13154
0.13207;0.13154;0.13208
0.13154;0.13208;0.13202
0.13208;0.13202;0.13219
0.13202;0.13219;0.13213
0.13219;0.13213;0.13191
0.13213;0.13191;0.13121
0.13191;0.13121;0.13198
0.13121;0.13198;0.13193
0.13198;0.13193;0.13158
0.13193;0.13158;0.13182
0.13158;0.13182;0.13225
0.13182;0.13225;0.1324
0.13225;0.1324;0.13393
0.1324;0.13393;0.13358
0.13393;0.13358;0.13338
0.13358;0.13338;0.1335
0.13338;0.1335;0.13377
0.1335;0.13377;0.13337
0.13377;0.13337;0.13311
0.13337;0.13311;0.13237
0.13311;0.13237;0.13176
0.13237;0.13176;0.13091
0.13176;0.13091;0.1309
0.13091;0.1309;0.13137
0.1309;0.13137;0.13129
0.13137;0.13129;0.13119
0.13129;0.13119;0.13178
0.13119;0.13178;0.13248
0.13178;0.13248;0.13303
0.13248;0.13303;0.13237
0.13303;0.13237;0.13283
0.13237;0.13283;0.13294
0.13283;0.13294;0.13294
0.13294;0.13294;0.13312
0.13294;0.13312;0.13388
0.13312;0.13388;0.13375
0.13388;0.13375;0.13385
0.13375;0.13385;0.1336
0.13385;0.1336;0.13433
0.1336;0.13433;0.13504
0.13433;0.13504;0.13632
0.13504;0.13632;0.13573
0.13632;0.13573;0.13558
0.13573;0.13558;0.13466
0.13558;0.13466;0.13487
0.13466;0.13487;0.13601
0.13487;0.13601;0.13657
0.13601;0.13657;0.13601
0.13657;0.13601;0.1365
0.13601;0.1365;0.13673
0.1365;0.13673;0.13654
0.13673;0.13654;0.13657
0.13654;0.13657;0.1364
0.13657;0.1364;0.1366
0.1364;0.1366;0.13634
0.1366;0.13634;0.13712
0.13634;0.13712;0.13685
0.13712;0.13685;0.13681
0.13685;0.13681;0.13736
0.13681;0.13736;0.13734
0.13736;0.13734;0.1354
0.13734;0.1354;0.1351
0.1354;0.1351;0.13483
0.1351;0.13483;0.13502
0.13483;0.13502;0.13502
0.13502;0.13502;0.13389
0.13502;0.13389;0.13346
0.13389;0.13346;0.13268
0.13346;0.13268;0.1331
0.13268;0.1331;0.13397
0.1331;0.13397;0.13303
0.13397;0.13303;0.13277
0.13303;0.13277;0.13336
0.13277;0.13336;0.13188
0.13336;0.13188;0.13225
0.13188;0.13225;0.13244
0.13225;0.13244;0.13023
0.13244;0.13023;0.13095
0.13023;0.13095;0.13108
0.13095;0.13108;0.13066
0.13108;0.13066;0.13061
0.13066;0.13061;0.13016
0.13061;0.13016;0.13102
0.13016;0.13102;0.13112
0.13102;0.13112;0.12988
0.13112;0.12988;0.12941
0.12988;0.12941;0.13002
0.12941;0.13002;0.12903
0.13002;0.12903;0.1304
0.12903;0.1304;0.13058
0.1304;0.13058;0.12981
0.13058;0.12981;0.12989
0.12981;0.12989;0.1284
0.12989;0.1284;0.12717
0.1284;0.12717;0.12563
0.12717;0.12563;0.12547
0.12563;0.12547;0.12508
0.12547;0.12508;0.12577
0.12508;0.12577;0.1266
0.12577;0.1266;0.12655
0.1266;0.12655;0.12641
0.12655;0.12641;0.12641
0.12641;0.12641;0.12625
0.12641;0.12625;0.12342
0.12625;0.12342;0.12436
0.12342;0.12436;0.12448
0.12436;0.12448;0.12384
0.12448;0.12384;0.12509
0.12384;0.12509;0.12515
0.12509;0.12515;0.12552
0.12515;0.12552;0.12573
0.12552;0.12573;0.12606
0.12573;0.12606;0.12532
0.12606;0.12532;0.1263
0.12532;0.1263;0.12624
0.1263;0.12624;0.12599
0.12624;0.12599;0.12506
0.12599;0.12506;0.12522
0.12506;0.12522;0.12555
0.12522;0.12555;0.12502
0.12555;0.12502;0.1249
0.12502;0.1249;0.12513
0.1249;0.12513;0.1233
0.12513;0.1233;0.12446
0.1233;0.12446;0.12401
0.12446;0.12401;0.12405
0.12401;0.12405;0.12472
0.12405;0.12472;0.12495
0.12472;0.12495;0.12515
0.12495;0.12515;0.12477
0.12515;0.12477;0.12354
0.12477;0.12354;0.12358
0.12354;0.12358;0.1228
0.12358;0.1228;0.12235
0.1228;0.12235;0.12171
0.12235;0.12171;0.12245
0.12171;0.12245;0.12169
0.12245;0.12169;0.12189
0.12169;0.12189;0.12279
0.12189;0.12279;0.12312
0.12279;0.12312;0.124
0.12312;0.124;0.1234
0.124;0.1234;0.12381
0.1234;0.12381;0.12367
0.12381;0.12367;0.12226
0.12367;0.12226;0.12196
0.12226;0.12196;0.12088
0.12196;0.12088;0.12147
0.12088;0.12147;0.12164
0.12147;0.12164;0.12103
0.12164;0.12103;0.12172
0.12103;0.12172;0.12182
0.12172;0.12182;0.12219
0.12182;0.12219;0.12205
0.12219;0.12205;0.12247
0.12205;0.12247;0.12419
0.12247;0.12419;0.12338
0.12419;0.12338;0.12362
0.12338;0.12362;0.12408
0.12362;0.12408;0.12489
0.12408;0.12489;0.12534
0.12489;0.12534;0.12484
0.12534;0.12484;0.12517
0.12484;0.12517;0.12519
0.12517;0.12519;0.12469
0.12519;0.12469;0.12499
0.12469;0.12499;0.12496
0.12499;0.12496;0.12461
0.12496;0.12461;0.12488
0.12461;0.12488;0.12487
0.12488;0.12487;0.12455
0.12487;0.12455;0.12423
0.12455;0.12423;0.12437
0.12423;0.12437;0.12366
0.12437;0.12366;0.12373
0.12366;0.12373;0.12457
0.12373;0.12457;0.12543
0.12457;0.12543;0.12567
0.12543;0.12567;0.12528
0.12567;0.12528;0.12626
0.12528;0.12626;0.12671
0.12626;0.12671;0.12641
0.12671;0.12641;0.12659
0.12641;0.12659;0.12644
0.12659;0.12644;0.12662
0.12644;0.12662;0.12627
0.12662;0.12627;0.12622
0.12627;0.12622;0.12513
0.12622;0.12513;0.12519
0.12513;0.12519;0.12431
0.12519;0.12431;0.1246
0.12431;0.1246;0.12514
0.1246;0.12514;0.12325
0.12514;0.12325;0.12309
0.12325;0.12309;0.12319
0.12309;0.12319;0.12354
0.12319;0.12354;0.12421
0.12354;0.12421;0.12427
0.12421;0.12427;0.12477
0.12427;0.12477;0.12414
0.12477;0.12414;0.12295
0.12414;0.12295;0.12294
0.12295;0.12294;0.12354
0.12294;0.12354;0.12374
0.12354;0.12374;0.12404
0.12374;0.12404;0.12377
0.12404;0.12377;0.12369
0.12377;0.12369;0.12278
0.12369;0.12278;0.12301
0.12278;0.12301;0.12228
0.12301;0.12228;0.12211
0.12228;0.12211;0.12222
0.12211;0.12222;0.12243
0.12222;0.12243;0.12304
0.12243;0.12304;0.12245
0.12304;0.12245;0.12212
0.12245;0.12212;0.12248
0.12212;0.12248;0.12236
0.12248;0.12236;0.12278
0.12236;0.12278;0.12223
0.12278;0.12223;0.122
0.12223;0.122;0.12297
0.122;0.12297;0.12224
0.12297;0.12224;0.12168
0.12224;0.12168;0.12128
0.12168;0.12128;0.12102
0.12128;0.12102;0.12159
0.12102;0.12159;0.12092
0.12159;0.12092;0.12138
0.12092;0.12138;0.12124
0.12138;0.12124;0.12165
0.12124;0.12165;0.12201
0.12165;0.12201;0.12144
0.12201;0.12144;0.12203
0.12144;0.12203;0.12308
0.12203;0.12308;0.12345
0.12308;0.12345;0.12304
0.12345;0.12304;0.12294
0.12304;0.12294;0.12344
0.12294;0.12344;0.12382
0.12344;0.12382;0.12376
0.12382;0.12376;0.12353
0.12376;0.12353;0.12441
0.12353;0.12441;0.12507
0.12441;0.12507;0.12456
0.12507;0.12456;0.12472
0.12456;0.12472;0.12556
0.12472;0.12556;0.12531
0.12556;0.12531;0.12586
0.12531;0.12586;0.12661
0.12586;0.12661;0.12595
0.12661;0.12595;0.12532
0.12595;0.12532;0.125
0.12532;0.125;0.12516
0.125;0.12516;0.12523
0.12516;0.12523;0.12477
0.12523;0.12477;0.12432
0.12477;0.12432;0.125
0.12432;0.125;0.12483
0.125;0.12483;0.12514
0.12483;0.12514;0.12494
0.12514;0.12494;0.12466
0.12494;0.12466;0.12504
0.12466;0.12504;0.1249
0.12504;0.1249;0.12553
0.1249;0.12553;0.12601
0.12553;0.12601;0.12635
0.12601;0.12635;0.12629
0.12635;0.12629;0.12677
0.12629;0.12677;0.12551
0.12677;0.12551;0.12568
0.12551;0.12568;0.12503
0.12568;0.12503;0.12438
0.12503;0.12438;0.12458
0.12438;0.12458;0.12473
0.12458;0.12473;0.12534
0.12473;0.12534;0.12639
0.12534;0.12639;0.12646
0.12639;0.12646;0.12588
0.12646;0.12588;0.12614
0.12588;0.12614;0.12521
0.12614;0.12521;0.12511
0.12521;0.12511;0.12578
0.12511;0.12578;0.12611
0.12578;0.12611;0.12588
0.12611;0.12588;0.1265
0.12588;0.1265;0.12688
0.1265;0.12688;0.12632
0.12688;0.12632;0.12612
0.12632;0.12612;0.1254
0.12612;0.1254;0.12486
0.1254;0.12486;0.12507
0.12486;0.12507;0.12571
0.12507;0.12571;0.12622
0.12571;0.12622;0.12639
0.12622;0.12639;0.12611
0.12639;0.12611;0.12683
0.12611;0.12683;0.12724
0.12683;0.12724;0.12705
0.12724;0.12705;0.12736
0.12705;0.12736;0.12725
0.12736;0.12725;0.1266
0.12725;0.1266;0.12641
0.1266;0.12641;0.12656
0.12641;0.12656;0.12698
0.12656;0.12698;0.12705
0.12698;0.12705;0.12726
0.12705;0.12726;0.12687
0.12726;0.12687;0.12693
0.12687;0.12693;0.12731
0.12693;0.12731;0.12768
0.12731;0.12768;0.12808
0.12768;0.12808;0.12778
0.12808;0.12778;0.12813
0.12778;0.12813;0.12798
0.12813;0.12798;0.12808
0.12798;0.12808;0.12791
0.12808;0.12791;0.12754
0.12791;0.12754;0.1281
0.12754;0.1281;0.12892
0.1281;0.12892;0.12946
0.12892;0.12946;0.12922
0.12946;0.12922;0.12881
0.12922;0.12881;0.12921
0.12881;0.12921;0.12875
0.12921;0.12875;0.12867
0.12875;0.12867;0.12909
0.12867;0.12909;0.12931
0.12909;0.12931;0.13036
0.12931;0.13036;0.12995
0.13036;0.12995;0.12984
0.12995;0.12984;0.12893
0.12984;0.12893;0.12815
0.12893;0.12815;0.12783
0.12815;0.12783;0.12807
0.12783;0.12807;0.12805
0.12807;0.12805;0.12787
0.12805;0.12787;0.12754
0.12787;0.12754;0.12768
0.12754;0.12768;0.12826
0.12768;0.12826;0.12826
0.12826;0.12826;0.12832
0.12826;0.12832;0.12758
0.12832;0.12758;0.12821
0.12758;0.12821;0.12767
0.12821;0.12767;0.12795
0.12767;0.12795;0.12782
0.12795;0.12782;0.12856
0.12782;0.12856;0.12873
0.12856;0.12873;0.12924
0.12873;0.12924;0.12908
0.12924;0.12908;0.12922
0.12908;0.12922;0.12842
0.12922;0.12842;0.12763
0.12842;0.12763;0.12731
0.12763;0.12731;0.12792
0.12731;0.12792;0.12868
0.12792;0.12868;0.12867
0.12868;0.12867;0.12889
0.12867;0.12889;0.12926
0.12889;0.12926;0.12891
0.12926;0.12891;0.12882
0.12891;0.12882;0.12912
0.12882;0.12912;0.13008
0.12912;0.13008;0.12977
0.13008;0.12977;0.13004
0.12977;0.13004;0.13021
0.13004;0.13021;0.13013
0.13021;0.13013;0.12959
0.13013;0.12959;0.13026
0.12959;0.13026;0.13005
0.13026;0.13005;0.13037
0.13005;0.13037;0.12922
0.13037;0.12922;0.12906
0.12922;0.12906;0.12961
0.12906;0.12961;0.12963
0.12961;0.12963;0.12979
0.12963;0.12979;0.12994
0.12979;0.12994;0.13064
0.12994;0.13064;0.13059
0.13064;0.13059;0.13063
0.13059;0.13063;0.13021
0.13063;0.13021;0.13074
0.13021;0.13074;0.13118
0.13074;0.13118;0.13196
0.13118;0.13196;0.13128
0.13196;0.13128;0.1311
0.13128;0.1311;0.13077
0.1311;0.13077;0.13118
0.13077;0.13118;0.13141
0.13118;0.13141;0.13157
0.13141;0.13157;0.13145
0.13157;0.13145;0.132
0.13145;0.132;0.1323
0.132;0.1323;0.13224
0.1323;0.13224;0.1309
0.13224;0.1309;0.13123
0.1309;0.13123;0.13052
0.13123;0.13052;0.13039
0.13052;0.13039;0.13027
0.13039;0.13027;0.13014
0.13027;0.13014;0.12964
0.13014;0.12964;0.12937
0.12964;0.12937;0.12858
0.12937;0.12858;0.12884
0.12858;0.12884;0.12867
0.12884;0.12867;0.12834
0.12867;0.12834;0.12844
0.12834;0.12844;0.12917
0.12844;0.12917;0.12941
0.12917;0.12941;0.12982
0.12941;0.12982;0.12941
0.12982;0.12941;0.13016
0.12941;0.13016;0.12999
0.13016;0.12999;0.13048
0.12999;0.13048;0.13028
0.13048;0.13028;0.13153
0.13028;0.13153;0.13091
0.13153;0.13091;0.13104
0.13091;0.13104;0.13121
0.13104;0.13121;0.13215
0.13121;0.13215;0.1321
0.13215;0.1321;0.1322
0.1321;0.1322;0.13285
0.1322;0.13285;0.13373
0.13285;0.13373;0.13397
0.13373;0.13397;0.13464
0.13397;0.13464;0.13432
0.13464;0.13432;0.13399
0.13432;0.13399;0.13413
0.13399;0.13413;0.13363
0.13413;0.13363;0.13366
0.13363;0.13366;0.13295
0.13366;0.13295;0.13303
0.13295;0.13303;0.1332
0.13303;0.1332;0.13279
0.1332;0.13279;0.1326
0.13279;0.1326;0.1327
0.1326;0.1327;0.13238
0.1327;0.13238;0.13209
0.13238;0.13209;0.13222
0.13209;0.13222;0.13223
0.13222;0.13223;0.13175
0.13223;0.13175;0.13264
0.13175;0.13264;0.13201
0.13264;0.13201;0.13205
0.13201;0.13205;0.13206
0.13205;0.13206;0.13223
0.13206;0.13223;0.13264
0.13223;0.13264;0.13241
0.13264;0.13241;0.13264
0.13241;0.13264;0.13222
0.13264;0.13222;0.13249
0.13222;0.13249;0.13294
0.13249;0.13294;0.13307
0.13294;0.13307;0.13362
0.13307;0.13362;0.13398
0.13362;0.13398;0.13375
0.13398;0.13375;0.13403
0.13375;0.13403;0.13307
0.13403;0.13307;0.13326
0.13307;0.13326;0.13394
0.13326;0.13394;0.1334
0.13394;0.1334;0.13401
0.1334;0.13401;0.13464
0.13401;0.13464;0.13541
0.13464;0.13541;0.13535
0.13541;0.13535;0.13651
0.13535;0.13651;0.13625
0.13651;0.13625;0.13713
0.13625;0.13713;0.13613
0.13713;0.13613;0.13506
0.13613;0.13506;0.13572
0.13506;0.13572;0.13583
0.13572;0.13583;0.13414
0.13583;0.13414;0.13433
0.13414;0.13433;0.13451
0.13433;0.13451;0.13508
0.13451;0.13508;0.13528
0.13508;0.13528;0.13517
0.13528;0.13517;0.13626
0.13517;0.13626;0.13747
0.13626;0.13747;0.13874
0.13747;0.13874;0.1386
0.13874;0.1386;0.13759
0.1386;0.13759;0.13831
0.13759;0.13831;0.13883
0.13831;0.13883;0.13888
0.13883;0.13888;0.13961
0.13888;0.13961;0.1409
0.13961;0.1409;0.13979
0.1409;0.13979;0.14043
0.13979;0.14043;0.13955
0.14043;0.13955;0.13921
0.13955;0.13921;0.14034
0.13921;0.14034;0.13989
0.14034;0.13989;0.14011
0.13989;0.14011;0.14114
0.14011;0.14114;0.1405
0.14114;0.1405;0.14186
0.1405;0.14186;0.14102
0.14186;0.14102;0.1399
0.14102;0.1399;0.1403
0.1399;0.1403;0.13956
0.1403;0.13956;0.13846
0.13956;0.13846;0.13811
0.13846;0.13811;0.13765
0.13811;0.13765;0.13759
0.13765;0.13759;0.13752
0.13759;0.13752;0.13686
0.13752;0.13686;0.13558
0.13686;0.13558;0.13609
0.13558;0.13609;0.1357
0.13609;0.1357;0.13558
0.1357;0.13558;0.13636
0.13558;0.13636;0.13743
0.13636;0.13743;0.13773
0.13743;0.13773;0.13723
0.13773;0.13723;0.13754
0.13723;0.13754;0.13613
0.13754;0.13613;0.13587
0.13613;0.13587;0.13603
0.13587;0.13603;0.13597
0.13603;0.13597;0.13428
0.13597;0.13428;0.13498
0.13428;0.13498;0.13579
0.13498;0.13579;0.13627
0.13579;0.13627;0.13608
0.13627;0.13608;0.13608
0.13608;0.13608;0.13663
0.13608;0.13663;0.13706
0.13663;0.13706;0.1387
0.13706;0.1387;0.13806
0.1387;0.13806;0.13881
0.13806;0.13881;0.1387
0.13881;0.1387;0.13953
0.1387;0.13953;0.13883
0.13953;0.13883;0.13768
0.13883;0.13768;0.13856
0.13768;0.13856;0.13834
0.13856;0.13834;0.13857
0.13834;0.13857;0.13943
0.13857;0.13943;0.13872
0.13943;0.13872;0.13863
0.13872;0.13863;0.139
0.13863;0.139;0.139
0.139;0.139;0.13821
0.139;0.13821;0.13824
0.13821;0.13824;0.13832
0.13824;0.13832;0.13886
0.13832;0.13886;0.13896
0.13886;0.13896;0.13874
0.13896;0.13874;0.13939
0.13874;0.13939;0.1388
0.13939;0.1388;0.13856
0.1388;0.13856;0.13749
0.13856;0.13749;0.13805
0.13749;0.13805;0.13852
0.13805;0.13852;0.13852
0.13852;0.13852;0.13754
0.13852;0.13754;0.13671
0.13754;0.13671;0.13681
0.13671;0.13681;0.13557
0.13681;0.13557;0.13508
0.13557;0.13508;0.13496
0.13508;0.13496;0.1339
0.13496;0.1339;0.13479
0.1339;0.13479;0.13525
0.13479;0.13525;0.13361
0.13525;0.13361;0.13369
0.13361;0.13369;0.13332
0.13369;0.13332;0.13381
0.13332;0.13381;0.13515
0.13381;0.13515;0.13395
0.13515;0.13395;0.13332
0.13395;0.13332;0.13362
0.13332;0.13362;0.1346
0.13362;0.1346;0.13446
0.1346;0.13446;0.13542
0.13446;0.13542;0.1357
0.13542;0.1357;0.13551
0.1357;0.13551;0.13587
0.13551;0.13587;0.13479
0.13587;0.13479;0.1337
0.13479;0.1337;0.13226
0.1337;0.13226;0.13319
0.13226;0.13319;0.13217
0.13319;0.13217;0.13244
0.13217;0.13244;0.13198
0.13244;0.13198;0.13138
0.13198;0.13138;0.13273
0.13138;0.13273;0.1327
0.13273;0.1327;0.13295
0.1327;0.13295;0.1336
0.13295;0.1336;0.13339
0.1336;0.13339;0.1332
0.13339;0.1332;0.13417
0.1332;0.13417;0.13275
0.13417;0.13275;0.1323
0.13275;0.1323;0.13281
0.1323;0.13281;0.13231
0.13281;0.13231;0.13151
0.13231;0.13151;0.1334
0.13151;0.1334;0.13292
0.1334;0.13292;0.13182
0.13292;0.13182;0.1322
0.13182;0.1322;0.1336
0.1322;0.1336;0.13434
0.1336;0.13434;0.13487
0.13434;0.13487;0.13369
0.13487;0.13369;0.13233
0.13369;0.13233;0.13207
0.13233;0.13207;0.13229
0.13207;0.13229;0.13315
0.13229;0.13315;0.13346
0.13315;0.13346;0.13362
0.13346;0.13362;0.13347
0.13362;0.13347;0.13397
0.13347;0.13397;0.13432
0.13397;0.13432;0.13515
0.13432;0.13515;0.13527
0.13515;0.13527;0.13572
0.13527;0.13572;0.13514
0.13572;0.13514;0.13479
0.13514;0.13479;0.13509
0.13479;0.13509;0.13599
0.13509;0.13599;0.13636
0.13599;0.13636;0.13547
0.13636;0.13547;0.13487
0.13547;0.13487;0.13568
0.13487;0.13568;0.1363
0.13568;0.1363;0.1355
0.1363;0.1355;0.13662
0.1355;0.13662;0.13641
0.13662;0.13641;0.13606
0.13641;0.13606;0.13594
0.13606;0.13594;0.1362
0.13594;0.1362;0.13576
0.1362;0.13576;0.13664
0.13576;0.13664;0.13715
0.13664;0.13715;0.1376
0.13715;0.1376;0.13758
0.1376;0.13758;0.13652
0.13758;0.13652;0.13514
0.13652;0.13514;0.13529
0.13514;0.13529;0.13534
0.13529;0.13534;0.13502
0.13534;0.13502;0.13546
0.13502;0.13546;0.13507
0.13546;0.13507;0.13541
0.13507;0.13541;0.13596
0.13541;0.13596;0.13502
0.13596;0.13502;0.13527
0.13502;0.13527;0.13486
0.13527;0.13486;0.13524
0.13486;0.13524;0.13538
0.13524;0.13538;0.13401
0.13538;0.13401;0.13389
0.13401;0.13389;0.1351
0.13389;0.1351;0.13602
0.1351;0.13602;0.13494
0.13602;0.13494;0.13595
0.13494;0.13595;0.13584
0.13595;0.13584;0.13625
0.13584;0.13625;0.13595
0.13625;0.13595;0.13702
0.13595;0.13702;0.13744
0.13702;0.13744;0.13726
0.13744;0.13726;0.13724
0.13726;0.13724;0.138
0.13724;0.138;0.13704
0.138;0.13704;0.13738
0.13704;0.13738;0.13691
0.13738;0.13691;0.13645
0.13691;0.13645;0.13654
0.13645;0.13654;0.1371
0.13654;0.1371;0.13729
0.1371;0.13729;0.13815
0.13729;0.13815;0.13757
0.13815;0.13757;0.13758
0.13757;0.13758;0.13747
0.13758;0.13747;0.13682
0.13747;0.13682;0.13743
0.13682;0.13743;0.13746
0.13743;0.13746;0.13663
0.13746;0.13663;0.13705
0.13663;0.13705;0.13734
0.13705;0.13734;0.13671
0.13734;0.13671;0.13573
0.13671;0.13573;0.13596
0.13573;0.13596;0.13534
0.13596;0.13534;0.13491
0.13534;0.13491;0.13477
0.13491;0.13477;0.13455
0.13477;0.13455;0.13342
0.13455;0.13342;0.13316
0.13342;0.13316;0.1334
0.13316;0.1334;0.13343
0.1334;0.13343;0.13367
0.13343;0.13367;0.13414
0.13367;0.13414;0.13424
0.13414;0.13424;0.13433
0.13424;0.13433;0.1343
0.13433;0.1343;0.1347
0.1343;0.1347;0.13448
0.1347;0.13448;0.13468
0.13448;0.13468;0.13484
0.13468;0.13484;0.1349
0.13484;0.1349;0.13499
0.1349;0.13499;0.13518
0.13499;0.13518;0.13584
0.13518;0.13584;0.13567
0.13584;0.13567;0.13382
0.13567;0.13382;0.13442
0.13382;0.13442;0.13504
0.13442;0.13504;0.13513
0.13504;0.13513;0.13526
0.13513;0.13526;0.13512
0.13526;0.13512;0.13645
0.13512;0.13645;0.13539
0.13645;0.13539;0.1347
0.13539;0.1347;0.1345
0.1347;0.1345;0.13528
0.1345;0.13528;0.13573
0.13528;0.13573;0.13583
0.13573;0.13583;0.13517
0.13583;0.13517;0.13473
0.13517;0.13473;0.13495
0.13473;0.13495;0.13498
0.13495;0.13498;0.13404
0.13498;0.13404;0.13404
0.13404;0.13404;0.13421
0.13404;0.13421;0.13487
0.13421;0.13487;0.13469
0.13487;0.13469;0.13582
0.13469;0.13582;0.13615
0.13582;0.13615;0.13651
0.13615;0.13651;0.13583
0.13651;0.13583;0.13675
0.13583;0.13675;0.13731
0.13675;0.13731;0.13679
0.13731;0.13679;0.13781
0.13679;0.13781;0.13752
0.13781;0.13752;0.1383
0.13752;0.1383;0.13796
0.1383;0.13796;0.13754
0.13796;0.13754;0.13798
0.13754;0.13798;0.13817
0.13798;0.13817;0.13807
0.13817;0.13807;0.13836
0.13807;0.13836;0.13918
0.13836;0.13918;0.13873
0.13918;0.13873;0.14001
0.13873;0.14001;0.13959
0.14001;0.13959;0.14
0.13959;0.14;0.14006
0.14;0.14006;0.14161
0.14006;0.14161;0.14151
0.14161;0.14151;0.14214
0.14151;0.14214;0.1429
0.14214;0.1429;0.14188
0.1429;0.14188;0.14106
0.14188;0.14106;0.14053
0.14106;0.14053;0.14133
0.14053;0.14133;0.1414
0.14133;0.1414;0.14133
0.1414;0.14133;0.14162
0.14133;0.14162;0.14145
0.14162;0.14145;0.14197
0.14145;0.14197;0.14121
0.14197;0.14121;0.14154
0.14121;0.14154;0.13994
0.14154;0.13994;0.13994
0.13994;0.13994;0.14015
0.13994;0.14015;0.13953
0.14015;0.13953;0.13934
0.13953;0.13934;0.14053
0.13934;0.14053;0.13976
0.14053;0.13976;0.13937
0.13976;0.13937;0.13864
0.13937;0.13864;0.13879
0.13864;0.13879;0.13881
0.13879;0.13881;0.13952
0.13881;0.13952;0.13982
0.13952;0.13982;0.14009
0.13982;0.14009;0.13941
0.14009;0.13941;0.13922
0.13941;0.13922;0.14014
0.13922;0.14014;0.13991
0.14014;0.13991;0.14021
0.13991;0.14021;0.14145
0.14021;0.14145;0.14059
0.14145;0.14059;0.14152
0.14059;0.14152;0.14137
0.14152;0.14137;0.14145
0.14137;0.14145;0.1424
0.14145;0.1424;0.14175
0.1424;0.14175;0.14285
0.14175;0.14285;0.14233
0.14285;0.14233;0.14237
0.14233;0.14237;0.14172
0.14237;0.14172;0.14191
0.14172;0.14191;0.14145
0.14191;0.14145;0.14206
0.14145;0.14206;0.14174
0.14206;0.14174;0.14152
0.14174;0.14152;0.14055
0.14152;0.14055;0.14021
0.14055;0.14021;0.14006
0.14021;0.14006;0.13962
0.14006;0.13962;0.13918
0.13962;0.13918;0.14017
0.13918;0.14017;0.14073
0.14017;0.14073;0.14077
0.14073;0.14077;0.13987
0.14077;0.13987;0.14084
0.13987;0.14084;0.14129
0.14084;0.14129;0.14183
0.14129;0.14183;0.14135
0.14183;0.14135;0.14173
0.14135;0.14173;0.14162
0.14173;0.14162;0.14214
0.14162;0.14214;0.14167
0.14214;0.14167;0.14244
0.14167;0.14244;0.14169
0.14244;0.14169;0.14173
0.14169;0.14173;0.14028
0.14173;0.14028;0.14064
0.14028;0.14064;0.14072
0.14064;0.14072;0.14091
0.14072;0.14091;0.14045
0.14091;0.14045;0.14031
0.14045;0.14031;0.14095
0.14031;0.14095;0.14054
0.14095;0.14054;0.14095
0.14054;0.14095;0.14084
0.14095;0.14084;0.14153
0.14084;0.14153;0.14285
0.14153;0.14285;0.14239
0.14285;0.14239;0.14268
0.14239;0.14268;0.14301
0.14268;0.14301;0.1434
0.14301;0.1434;0.14392
0.1434;0.14392;0.14443
0.14392;0.14443;0.14433
0.14443;0.14433;0.14472
0.14433;0.14472;0.14513
0.14472;0.14513;0.14451
0.14513;0.14451;0.14359
0.14451;0.14359;0.14333
0.14359;0.14333;0.14359
0.14333;0.14359;0.14265
0.14359;0.14265;0.1451
0.14265;0.1451;0.14697
0.1451;0.14697;0.14698
0.14697;0.14698;0.14632
0.14698;0.14632;0.1466
0.14632;0.1466;0.14741
0.1466;0.14741;0.1484
0.14741;0.1484;0.14835
0.1484;0.14835;0.14817
0.14835;0.14817;0.14856
0.14817;0.14856;0.14768
0.14856;0.14768;0.14646
0.14768;0.14646;0.14721
0.14646;0.14721;0.14625
0.14721;0.14625;0.14542
0.14625;0.14542;0.14523
0.14542;0.14523;0.14585
0.14523;0.14585;0.14536
0.14585;0.14536;0.14559
0.14536;0.14559;0.14566
0.14559;0.14566;0.14551
0.14566;0.14551;0.14564
0.14551;0.14564;0.14646
0.14564;0.14646;0.14657
0.14646;0.14657;0.14734
0.14657;0.14734;0.14636
0.14734;0.14636;0.1458
0.14636;0.1458;0.14584
0.1458;0.14584;0.14625
0.14584;0.14625;0.14521
0.14625;0.14521;0.14522
0.14521;0.14522;0.146
0.14522;0.146;0.14631
0.146;0.14631;0.14553
0.14631;0.14553;0.14626
0.14553;0.14626;0.14546
0.14626;0.14546;0.14516
0.14546;0.14516;0.14544
0.14516;0.14544;0.14577
0.14544;0.14577;0.14518
0.14577;0.14518;0.14582
0.14518;0.14582;0.14585
0.14582;0.14585;0.14572
0.14585;0.14572;0.14533
0.14572;0.14533;0.14478
0.14533;0.14478;0.14556
0.14478;0.14556;0.14547
0.14556;0.14547;0.14548
0.14547;0.14548;0.14551
0.14548;0.14551;0.14484
0.14551;0.14484;0.14572
0.14484;0.14572;0.14586
0.14572;0.14586;0.14478
0.14586;0.14478;0.14368
0.14478;0.14368;0.14364
0.14368;0.14364;0.14292
0.14364;0.14292;0.14319
0.14292;0.14319;0.14305
0.14319;0.14305;0.14342
0.14305;0.14342;0.1431
0.14342;0.1431;0.14333
0.1431;0.14333;0.14382
0.14333;0.14382;0.14427
0.14382;0.14427;0.14428
0.14427;0.14428;0.1448
0.14428;0.1448;0.14535
0.1448;0.14535;0.14522
0.14535;0.14522;0.14543
0.14522;0.14543;0.14482
0.14543;0.14482;0.14428
0.14482;0.14428;0.14337
0.14428;0.14337;0.1429
0.14337;0.1429;0.14252
0.1429;0.14252;0.14266
0.14252;0.14266;0.14208
0.14266;0.14208;0.14207
0.14208;0.14207;0.14198
0.14207;0.14198;0.1425
0.14198;0.1425;0.14163
0.1425;0.14163;0.14204
0.14163;0.14204;0.14235
0.14204;0.14235;0.14248
0.14235;0.14248;0.14242
0.14248;0.14242;0.14256
0.14242;0.14256;0.14218
0.14256;0.14218;0.14228
0.14218;0.14228;0.14182
0.14228;0.14182;0.14108
0.14182;0.14108;0.141
0.14108;0.141;0.14133
0.141;0.14133;0.14117
0.14133;0.14117;0.14158
0.14117;0.14158;0.1413
0.14158;0.1413;0.14174
0.1413;0.14174;0.1411
0.14174;0.1411;0.14063
0.1411;0.14063;0.13755
0.14063;0.13755;0.1366
0.13755;0.1366;0.13631
0.1366;0.13631;0.13536
0.13631;0.13536;0.13561
0.13536;0.13561;0.13587
0.13561;0.13587;0.13492
0.13587;0.13492;0.13434
0.13492;0.13434;0.13463
0.13434;0.13463;0.13459
0.13463;0.13459;0.13415
0.13459;0.13415;0.13404
0.13415;0.13404;0.13473
0.13404;0.13473;0.13497
0.13473;0.13497;0.13373
0.13497;0.13373;0.13279
0.13373;0.13279;0.13351
0.13279;0.13351;0.13341
0.13351;0.13341;0.13354
0.13341;0.13354;0.13405
0.13354;0.13405;0.13325
0.13405;0.13325;0.13229
0.13325;0.13229;0.13239
0.13229;0.13239;0.13259
0.13239;0.13259;0.13134
0.13259;0.13134;0.13129
0.13134;0.13129;0.13126
0.13129;0.13126;0.13218
0.13126;0.13218;0.1318
0.13218;0.1318;0.132
0.1318;0.132;0.13169
0.132;0.13169;0.13187
0.13169;0.13187;0.13159
0.13187;0.13159;0.13233
0.13159;0.13233;0.13261
0.13233;0.13261;0.13293
0.13261;0.13293;0.1331
0.13293;0.1331;0.13339
0.1331;0.13339;0.1345
0.13339;0.1345;0.13373
0.1345;0.13373;0.13439
0.13373;0.13439;0.13439
0.13439;0.13439;0.13451
0.13439;0.13451;0.13459
0.13451;0.13459;0.1342
0.13459;0.1342;0.13504
0.1342;0.13504;0.13387
0.13504;0.13387;0.13331
0.13387;0.13331;0.13326
0.13331;0.13326;0.13406
0.13326;0.13406;0.13342
0.13406;0.13342;0.13259
0.13342;0.13259;0.13282
0.13259;0.13282;0.13311
0.13282;0.13311;0.13296
0.13311;0.13296;0.13354
0.13296;0.13354;0.13314
0.13354;0.13314;0.13304
0.13314;0.13304;0.13306
0.13304;0.13306;0.1339
0.13306;0.1339;0.13419
0.1339;0.13419;0.13501
0.13419;0.13501;0.13415
0.13501;0.13415;0.13404
0.13415;0.13404;0.1337
0.13404;0.1337;0.13314
0.1337;0.13314;0.13287
0.13314;0.13287;0.1334
0.13287;0.1334;0.13386
0.1334;0.13386;0.13385
0.13386;0.13385;0.13394
0.13385;0.13394;0.13437
0.13394;0.13437;0.1352
0.13437;0.1352;0.13472
0.1352;0.13472;0.1348
0.13472;0.1348;0.1333
0.1348;0.1333;0.13296
